"P.trt","P.lim","P.cID","P.daynumber","P.tm.pt","P.iso","C.N","C.N","C.N","C.N","C.N","C.N","C.N","C.N","C.N","C.N","C.N","C.N","C.N","C.N","C.N","C.N","C.N","C.N","C.N","C.N","C.N","C.N","C.N","C.N","C.P","C.P","C.P","C.P","C.P","C.P","C.P","C.P","C.P","C.P","C.P","C.P","C.P","C.P","C.P","C.P","C.P","C.P","C.P","C.P","C.P","C.P","C.P","C.P","C.P","C.P","C.P","C.P","C.P","C.P","C.P","C.P","C.P","C.P","C.P","C.P","C.P","C.P","C.P","C.P","C.P","C.P","C.P","C.P","C.P","C.P","C.P","C.P","C.P","C.P","C.P","C.P","C.P","C.P","C.P","C.P","C.P","C.NA","C.NA","T.N","T.N","T.N","T.N","T.N","T.N","T.N","T.N","T.N","T.N","T.N","T.N","T.N","T.N","T.N","T.N","T.N","T.N","T.N","T.N","T.N","T.N","T.N","T.N","T.N","T.N","T.N","T.N","T.N","T.N","T.N","T.N","T.N","T.N","T.N","T.N","T.N","T.N","T.N","T.N","T.N","T.N","T.N","T.N","T.N","T.N","T.N","T.N","T.N","T.N","T.N","T.N","T.N","T.N","T.N","T.N","T.N","T.N","T.N","T.N","T.N","T.P","T.P","T.P","T.P","T.P","T.P","T.P","T.P","T.P","T.P","T.P","T.P","T.P","T.P","T.P","T.P","T.P","T.P","T.P","T.P","T.P","T.P","T.P","T.P","T.P","T.P","T.P","T.P","T.P","T.P","T.P","T.P","T.P","T.P","T.P","T.P","T.P","T.P","T.P","T.P","T.P","T.P","T.P","T.P","T.P","T.P","T.P","T.P","T.P","T.P","T.P","T.P","T.P","T.P","T.P","T.P","T.P","T.P","T.P","T.P","T.P","T.P","T.P","T.P","T.P","T.P","T.P","T.P","T.P","T.P","T.P","T.P","T.P","T.P","T.P","T.P","T.P","T.P","T.P","T.P","T.P","T.P","NA","global"
"T","N","N2","9","3","1","3N21","1","0","0","0","1","1","1","0",NA,"0","0","0","0","0","0","0","0","0","0","0","0","0","0",NA,"0","0","0","0","0","0","0","0","0","0","1","0","1","1","1","1","1","1","1","1","1","1","1","1","1","0",NA,NA,NA,NA,"1","0",NA,NA,"1","0","1","0","0","0","1","0","0","0","0","0","0","0","0","0","1","0","0","0","0","0","0","1","1","0","1","0","0","0","0","0","0","1","1","1","1","1","1","1","1","1","1","1","1","1","1","1","1","1","1","1","1","1","1",NA,NA,"1",NA,NA,NA,"1",NA,NA,"1",NA,"1","1","0","0","0","0","0","1","0","0","1","0","1","1","1","1","1","1","1","0","0","0","0","0","0","0","0","0","0","0","1","1","1","1",NA,"1","1","1","1","1",NA,"1",NA,"1","1","1","1","1","1","1","1","1","1","0","1","1","1","0","1","1","1",NA,NA,NA,NA,NA,NA,NA,"0","1","1","1",NA,NA,"1","0","1","1","1",NA,"1","1","1","1","1","1",NA,"0","0","1","0","1","1",NA,"0","1","1","0","0","1",NA,"1",0.425742574257426
"T","N","N2","9","3","2","3N22","0","0","0","0","1","1","0","0",NA,"0","0","0","0","0","0","0","0","0","0","0","0","0","0",NA,"0","0","0","0","0","0","0","0","0","0","1","0","1","1","1","1","1","1","1","1","1","1","1","1","1","0",NA,NA,NA,NA,"1","0",NA,NA,"1","0","1","0","0","0","1","0","0","0","0","0","0","0","0","0","1","0","0","0","0","0","0","1","0","0","1","0","0","0","0","0","0","1","1","1","1","1","1","1","1","1","1","1","1","1","1","1","1","1","1","1","1","1","1",NA,NA,"1",NA,NA,NA,"1",NA,NA,"1",NA,"1","1","0","0","0","0","0","1","0","0","1","0","1","1","1","1","1","1","1","0","0","0","0","0","0","0","0","0","0","0","1","1","1","1",NA,"1","1","1","1","1",NA,"1",NA,"1","1","1","1","1","1","1","1","1","1","0","1","1","1","0","1","1","1",NA,NA,NA,NA,NA,NA,NA,"0","1","1","1",NA,NA,"1","0","1","1","1",NA,"1","1","1","1","1","1",NA,"0","0","1","0","1","1",NA,"0","1","1","0","0","1",NA,"1",0.440594059405941
"T","N","N3","9","3","1","3N31","0","0","0","0","1","1","0","0",NA,"1","0","0","0","0","0","0","0","0","0","0","0","0","0",NA,"0","0","0","0","0","0","0","0","0","0","1","0","1","1","1","1","1","1","1","1","1","1","1","1","1","0",NA,NA,NA,NA,"1","0",NA,NA,"1","0","1","0","0","0","1","0","0","0","0","0","0","0","0","0","1","0","0","0","0","0","0","0","0","0","1","0","0","0","0","0","0","1","1","1","1","1","1","1","1","1","1","1","1","1","1","1","1","1","1","1","1","1","1",NA,NA,"1",NA,NA,NA,"1",NA,NA,"1",NA,"1","1","0","0","0","0","0","1","0","0","1","0","1","1","1","1","1","1","1","0","0","0","0","0","0","0","0","0","0","0","1","1","1","1",NA,"1","1","1","1","1",NA,"1",NA,"1","1","1","1","1","1","1","1","1","1","1","1","1","1","0","1","1","1",NA,NA,NA,NA,NA,NA,NA,"0","1","1","1",NA,NA,"1","0","1","1","1",NA,"1","1","1","1","1","1",NA,"0","0","1","0","1","1",NA,"0","1","1","0","0","1",NA,"1",0.435643564356436
"T","N","N3","9","3","2","3N32","0","0","0","0","1","1","0","0",NA,"0","0","0","0","0","0","0","0","0","0","0","0","0","0",NA,"0","0","0","0","0","0","0","0","0","0","1","0","1","1","1","1","1","1","1","1","1","1","1","1","1","0",NA,NA,NA,NA,"1","0",NA,NA,"1","0","1","0","0","0","1","0","0","0","0","0","0","0","0","0","1","0","0","0","0","0","0","0","0","0","1","0","0","0","0","0","0","1","1","1","1","1","1","1","1","1","1","1","1","1","1","1","1","1","1","1","1","1","1",NA,NA,"1",NA,NA,NA,"1",NA,NA,"1",NA,"1","1","0","0","0","0","0","1","0","0","1","0","1","1","1","1","1","1","1","0","0","0","0","0","0","0","0","0","0","0","1","1","1","1",NA,"1","1","1","1","1",NA,"1",NA,"1","1","1","1","1","1","1","1","1","1","0","1","1","1","0","1","1","1",NA,NA,NA,NA,NA,NA,NA,"0","1","1","1",NA,NA,"1","0","1","1","1",NA,"1","1","1","1","1","1",NA,"0","0","1","0","1","1",NA,"0","1","1","0","0","1",NA,"1",0.445544554455446
"T","N","N5","9","3","1","3N51","0","0","0","0","1","1","0","0",NA,"0","0","0","0","0","0","0","0","0","0","0","0","0","0",NA,"0","0","0","0","0","0","0","0","0","0","1","0","1","1","1","1","1","1","1","1","1","1","1","1","1","0",NA,NA,NA,NA,"1","0",NA,NA,"1","0","1","0","0","0","1","0","0","0","0","0","0","0","0","0","1","0","0","0","0","0","0","0","0","0","1","0","0","0","0","0","0","1","1","1","1","1","1","1","1","1","1","1","1","1","1","1","1","1","1","1","1","1","1",NA,NA,"1",NA,NA,NA,"1",NA,NA,"1",NA,"1","1","0","0","0","0","0","1","0","0","1","0","1","1","1","1","1","1","1","0","0","0","0","0","0","0","0","0","0","0","1","1","1","1",NA,"1","1","1","1","1",NA,"1",NA,"1","1","1","1","1","1","1","1","1","1","0","1","1","1","0","1","1","1",NA,NA,NA,NA,NA,NA,NA,"0","1","1","1",NA,NA,"1","0","1","1","1",NA,"1","1","1","1","1","1",NA,"0","0","1","0","1","1",NA,"0","0","1","0","0","1",NA,"1",0.450495049504951
"T","N","N5","9","3","2","3N52","0","0","0","0","1","1","1","0",NA,"0","0","0","0","0","0","0","0","0","0","0","0","0","0",NA,"0","0","0","0","0","0","0","0","0","0","1","0","1","1","1","1","1","1","1","1","1","1","1","1","1","0",NA,NA,NA,NA,"1","0",NA,NA,"1","0","1","0","0","0","1","0","0","0","0","0","0","0","0","0","1","0","0","0","0","0","0","0","0","0","1","0","0","0","0","0","0","1","1","1","1","1","1","1","1","1","1","1","1","1","1","1","1","1","1","1","1","1","1",NA,NA,"1",NA,NA,NA,"1",NA,NA,"1",NA,"1","1","0","0","0","0","0","1","0","0","1","0","1","1","1","1","1","1","1","0","0","0","0","0","0","0","0","0","0","0","1","1","1","1",NA,"1","1","1","1","1",NA,"1",NA,"1","1","1","1","1","1","1","1","1","1","0","1","1","1","0","1","1","1",NA,NA,NA,NA,NA,NA,NA,"0","1","1","1",NA,NA,"1","0","1","1","1",NA,"1","1","1","1","1","1",NA,"0","0","1","0","1","1",NA,"0","1","1","0","0","1",NA,"1",0.440594059405941
"T","N","N2","23","5","2","5N22","1","0","0","0","1","1","0","0",NA,"0","0","0","0","0","1","0","0","0","0","0","0","0","0",NA,"0","0","0","0","0","0","1","0","0","0","1","0","1","1","1","1","1","1","1","1","1","1","1","1","1","0",NA,NA,NA,NA,"1","0",NA,NA,"1","0","1","0","0","0","1","0","0","0","0","0","0","0","0","0","1","0","0","0","0","0","1","0","0","0","1","0","0","0","0","0","0","1","1","1","1","1","1","1","1","1","1","1","1","1","1","1","1","1","1","1","1","1","1",NA,NA,"1",NA,NA,NA,"1",NA,NA,"1",NA,"1","1","0","0","0","0","0","1","0","0","1","0","1","1","1","1","1","1","1","0","0","0","0","0","0","1","0","0","0","0","1","1","1","1",NA,"1","1","1","1","1",NA,"1",NA,"1","1","1","1","1","1","1","1","1","1","0","1","1","1","0","1","1","1",NA,NA,NA,NA,NA,NA,NA,"0","1","1","1",NA,NA,"1","0","1","1","1",NA,"1","1","1","1","1","1",NA,"0","0","1","0","1","1",NA,"0","1","1","0","0","1",NA,NA,0.422885572139304
"T","N","N2","23","5","2","5N22","1","1","1","1","1","1","1","1",NA,"1","1","1","0","1","0","1","1","1","1","1","1","1","1",NA,"1","1","1","1","1","1","0","1","1","1","1","1","1","1","1","1","1","1","1","1","1","1","1","1","1","1",NA,NA,NA,NA,"1","1",NA,NA,"1","1","1","1","1","0","1","1","1","0","1","1","1","1","1","1","1","1","1","1","1","1","0","0","1","1","1","1","1","1","1","1","1","1","1","1","1","1","1","1","1","1","1","1","1","1","1","1","1","1","1","1","1","1","1",NA,NA,"1",NA,NA,NA,"1",NA,NA,"1",NA,"1","1","1","1","1","1","1","1","1","0","1","0","1","1","1","1","1","1","1","1","1","1","1","1","1","0","1","1","1","1","1","1","1","1",NA,"1","1","1","1","1",NA,"1",NA,"1","1","1","1","1","1","1","1","1","1","1","1","1","1","1","1","1","1",NA,NA,NA,NA,NA,NA,NA,"1","1","1","1",NA,NA,"1","0","1","1","1",NA,"1","1","1","1","1","1",NA,"1","1","1","1","1","1",NA,"1","1","1","1","1","1",NA,NA,0.054726368159204
"T","N","N2","23","5","3","5N23","1","0","0","0","1","1","0","0",NA,"0","0","0","1","0","0","0","0","0","0","0","0","0","0",NA,"0","0","0","0","0","0","0","0","0","0","1","0","1","1","1","1","1","1","1","1","1","1","1","1","1","0",NA,NA,NA,NA,"1","0",NA,NA,"1","0","1","0","0","0","1","0","0","0","0","0","0","0","0","0","1","0","0","0","0","0","1","0","0","0","1","0","0","0","0","0","0","1","1","1","1","1","1","1","1","1","1","1","1","1","1","1","1","1","1","1","1","1","1",NA,NA,"1",NA,NA,NA,"1",NA,NA,"1",NA,"1","1","0","0","0","0","0","1","0","0","1","0","1","1","1","1","1","1","1","0","0","0","0","0","0","0","0","0","0","0","1","1","1","1",NA,"1","1","1","1","1",NA,"1",NA,"1","1","1","1","1","1","1","1","1","1","0","1","1","1","0","1","1","1",NA,NA,NA,NA,NA,NA,NA,"1","1","1","1",NA,NA,"1","0","1","1","1",NA,"1","1","1","1","1","1",NA,"0","0","1","0","1","1",NA,"0","1","1","0","0","1",NA,NA,0.427860696517413
"T","N","N3","23","5","1","5N31","1","1","0","0","1","1","1","0",NA,"0","0","0","1","0","0","0","0","0","0","1","1","0","0",NA,"0","0","0","0","0","0","0","0","0","0","1","0","1","1","1","1","1","1","1","1","1","1","1","1","1","0",NA,NA,NA,NA,"1","0",NA,NA,"1","0","1","0","0","1","1","0","0","0","0","0","0","0","0","0","1","0","0","0","0","0","0","0","1","0","1","0","0","0","0","0","0","1","1","1","1","1","1","1","1","1","1","1","1","1","1","1","1","1","1","1","1","1","1",NA,NA,"1",NA,NA,NA,"1",NA,NA,"1",NA,"1","1","0","0","0","0","0","1","0","0","1","0","1","1","1","1","1","1","1","0","0","0","0","0","0","0","0","0","0","0","1","1","1","1",NA,"1","1","1","1","1",NA,"1",NA,"1","1","1","1","1","1","1","1","1","1","1","1","1","1","0","1","1","1",NA,NA,NA,NA,NA,NA,NA,"1","1","1","1",NA,NA,"1","0","1","1","1",NA,"1","1","1","1","1","1",NA,"0","0","1","0","1","1",NA,"0","1","1","0","0","1",NA,NA,0.398009950248756
"T","N","N3","23","5","2","5N32","1","1","0","0","1","1","1","0",NA,"0","0","0","1","0","1","0","0","0","0","0","0","0","0",NA,"0","1","1","0","1","0","0","0","0","0","1","0","1","1","1","1","1","1","1","1","1","1","1","1","1","0",NA,NA,NA,NA,"1","0",NA,NA,"1","0","1","0","0","1","1","0","0","0","0","0","0","0","0","0","1","0","0","0","0","0","0","1","1","0","1","0","0","0","0","0","0","1","1","1","1","1","1","1","1","1","1","1","1","1","1","1","1","1","1","1","1","1","1",NA,NA,"1",NA,NA,NA,"1",NA,NA,"1",NA,"1","1","0","1","0","0","0","1","0","0","1","0","1","1","1","1","1","1","1","0","0","0","1","0","0","0","0","0","0","0","1","1","1","1",NA,"1","1","1","1","1",NA,"1",NA,"1","1","1","1","1","1","1","1","1","1","0","1","1","1","0","1","1","1",NA,NA,NA,NA,NA,NA,NA,"1","1","1","1",NA,NA,"1","0","1","1","1",NA,"1","1","1","1","1","1",NA,"0","0","1","1","1","1",NA,"0","1","1","0","0","1",NA,NA,0.373134328358209
"T","N","N3","23","5","3","5N33","0","1","1","1","1","1","1","1",NA,"1","1","1","0","1","0","1","1","1","1","0","1","1","1",NA,"1","1","1","1","0","0","0","0","1","1","1","1","1","1","1","1","1","1","1","1","0","1","1","1","1","1",NA,NA,NA,NA,"1","1",NA,NA,"1","0","0","1","0","0","1","0","0","1","1","1","1","1","1","1","1","1","1","1","1","1","0","1","1","1","1","1","1","1","1","1","1","1","1","1","1","1","1","1","1","1","1","1","1","1","1","1","1","1","1","1","1","1","1",NA,NA,"1",NA,NA,NA,"1",NA,NA,"1",NA,"1","1","1","1","1","1","1","1","1","1","1","1","1","1","1","1","1","1","1","1","1","1","1","1","0","0","0","0","0","0","1","1","1","1",NA,"1","1","1","1","1",NA,"1",NA,"1","1","1","1","1","1","1","1","1","1","1","1","1","1","1","1","1","1",NA,NA,NA,NA,NA,NA,NA,"0","1","1","1",NA,NA,"0","0","1","1","1",NA,"1","1","1","1","1","1",NA,"0","1","1","0","1","1",NA,"1","1","1","1","1","1",NA,NA,0.134328358208955
"T","N","N5","23","5","1","5N51","0","0","0","0","1","1","0","0",NA,"0","0","0","1","0","0","0","0","0","0","0","0","0","0",NA,"0","0","0","0","0","0","0","0","0","0","1","0","1","1","1","1","1","1","1","1","1","1","1","1","1","0",NA,NA,NA,NA,"1","0",NA,NA,"1","0","1","0","0","1","1","0","1","0","0","0","0","0","0","0","1","0","0","0","0","0","1","0","0","0","1","0","0","0","0","0","0","1","1","1","1","1","1","1","1","1","1","1","1","1","1","1","1","1","1","1","1","1","1",NA,NA,"1",NA,NA,NA,"1",NA,NA,"1",NA,"1","1","0","0","0","0","0","1","0","0","1","0","1","1","1","1","1","1","1","0","0","0","0","0","0","0","0","0","0","0","1","1","1","1",NA,"1","1","1","1","1",NA,"1",NA,"1","1","1","1","1","1","1","1","1","1","0","1","1","1","0","1","1","1",NA,NA,NA,NA,NA,NA,NA,"1","1","1","1",NA,NA,"1","0","1","1","1",NA,"1","1","1","1","1","1",NA,"0","0","1","0","1","1",NA,"0","1","1","0","0","1",NA,NA,0.422885572139304
"T","N","N5","23","5","2","5N52","1","0","0","0","1","1","0","0",NA,"0","0","0","0","0","1","0","0","0","0","0","0","0","0",NA,"0","0","0","0","0","0","1","0","0","0","1","0","1","1","1","1","1","1","1","1","1","1","1","1","1","0",NA,NA,NA,NA,"1","0",NA,NA,"1","0","1","0","0","0","1","0","1","0","0","0","0","0","0","0","1","0","0","0","0","0","0","0","0","0","1","0","0","0","0","0","0","1","1","1","1","1","1","1","1","1","1","1","1","1","1","1","1","1","1","1","1","1","1",NA,NA,"1",NA,NA,NA,"1",NA,NA,"1",NA,"1","1","0","0","0","0","0","1","0","0","1","0","1","1","1","1","1","1","1","0","0","0","0","0","0","1","0","0","0","0","1","1","1","1",NA,"1","1","1","1","1",NA,"1",NA,"1","1","1","1","1","1","1","1","1","1","0","1","1","1","0","1","1","1",NA,NA,NA,NA,NA,NA,NA,"0","1","1","1",NA,NA,"1","0","1","1","1",NA,"1","1","1","1","1","1",NA,"0","0","1","1","1","1",NA,"0","1","1","0","0","1",NA,NA,0.417910447761194
"T","N","N5","23","5","3","5N53","1","1","1","1","1","1","1","1",NA,"1","1","1","0","1","1","1","1","1","1","1","1","1","2",NA,"1","1","1","1","1","1","1","1","1","1","1","1","1","1","1","1","1","1","1","1","0","1","1","1","1","1",NA,NA,NA,NA,"1","1",NA,NA,"1","1","0","1","0","0","1","1","0","1","1","1","1","1","1","1","1","1","1","1","1","1","0","1","1","1","1","1","1","1","1","1","1","1","1","1","1","1","1","1","1","1","1","1","1","1","1","1","1","1","1","1","1","1","1",NA,NA,"1",NA,NA,NA,"1",NA,NA,"1",NA,"1","1","1","1","1","1","1","1","1","1","1","1","1","1","1","1","1","1","1","1","1","1","1","1","1","1","1","1","1","1","1","1","1","1",NA,"1","1","1","1","1",NA,"1",NA,"1","1","1","1","1","1","1","1","1","1","1","1","1","1","1","1","1","1",NA,NA,NA,NA,NA,NA,NA,"0","1","1","1",NA,NA,"0","0","1","1","1",NA,"0","1","1","1","1","1",NA,"1","1","1","1","0","1",NA,"1","1","1","1","1","1",NA,NA,0.0597014925373134
"T","N","N2","72","12","1","12N21","0","0","0","0","1","1","0","0",NA,"0","0","0","0","0","0","0","0","0","0","0","0","0","0",NA,"0","0","0","0","0","0","0","0","0","0","1","0","1","1","1","1","1","1","1","1","1","1","1","1","1","0",NA,NA,NA,NA,"1","0",NA,NA,"1","0","1","0","0","0","1","0","0","0","0","0","0","0","0","0","1","0","0","0","0","0","1","0","0","0","1","0","0","0","0","0","0","1","1","1","1","1","1","1","1","1","1","1","1","1","1","1","1","1","1","1","1","1","1",NA,NA,"1",NA,NA,NA,"1",NA,NA,"1",NA,"1","1","0","0","0","0","0","1","0","0","1","0","1","1","1","1","1","1","1","0","0","0","0","0","0",NA,"0","0","0","0","1","1","1","1",NA,"1","1","1","1","1",NA,"1",NA,"1","1","1","1","1","1","1","1","1","1","1","1","1","1","0","1","1","1",NA,NA,NA,NA,NA,NA,NA,"1","1","1","1",NA,NA,"1","0","1","1","1",NA,"1","1","1","1","1","1",NA,"0","0","1","0","1","1",NA,"0","1","1","0","0","1",NA,NA,0.43
"T","N","N2","72","12","2","12N22","1","0","0","0","1","1","1","0",NA,"0","0","0","1","0","0","0","0","0","0","0","0","0","0",NA,"0","0","0","0","0","0","0","0","0","0","1","0","1","1","1","1","1","1","1","1","1","1","1","1","1","0",NA,NA,NA,NA,"1","0",NA,NA,"1","0","1","0","0","2","1","1","0","0","0","0","1","0","0","0","1","0","0","0","0","0","0","0","0","0","1","0","0","0","0","0","0","1","1","1","1","1","1","1","1","1","1","1","1","1","1","1","1","1","1","1","1","1","1",NA,NA,"1",NA,NA,NA,"1",NA,NA,"1",NA,"1","1","0","0","0","0","0","1","0","0","1","0","1","1","1","1","1","1","1","0","0","0","0","1","0","0","0","0","0","0","1","1","1","1",NA,"1","1","1","1","1",NA,"1",NA,"1","1","1","1","1","1","1","1","1","1","1","1","1","1","0","1","1","1",NA,NA,NA,NA,NA,NA,NA,"1","1","1","1",NA,NA,"1","0","1","1","1",NA,"1","1","1","1","1","1",NA,"0","0","1","0","1","1",NA,"1","1","1","0","0","1",NA,NA,0.398009950248756
"T","N","N2","72","12","3","12N23","0","1","0","0","1","1","1","0",NA,"0","0","0","0","0","0","0","0","0","0","0","0","0","0",NA,"0","0","0","0","1","0","0","0","0","0","1","0","1","1","1","1","1","1","1","1","1","1","1","1","1","0",NA,NA,NA,NA,"1","0",NA,NA,"0","0","1","0","0","0","1","0","0","0","0","0","0","0","0","0","1","0","0","0","0","0","1","1","1","0","1","0","0","0","0","0","0","1","1","1","1","1","1","1","1","1","1","1","1","1","1","1","1","1","1","1","1","1","1",NA,NA,"1",NA,NA,NA,"1",NA,NA,"1",NA,"1","1","0","0","0","0","0","1","0","0","1","0","1","1","1","1","1","1","1","0","0","0","1","0","0","0","0","0","0","0","1","1","1","1",NA,"1","1","1","1","1",NA,"1",NA,"1","1","1","1","1","1","1","1","1","1","1","1","1","1","0","1","1","1",NA,NA,NA,NA,NA,NA,NA,"0","1","1","1",NA,NA,"1","0","1","1","1",NA,"1","1","1","1","1","1",NA,"0","0","1","0","1","1",NA,"0","1","1","0","0","1",NA,NA,0.412935323383085
"T","N","N2","72","12","4","12N24","0","0","0","0","1","1","0","0",NA,"0","0","0","0","0","0","0","0","0","0","0","0","0","0",NA,"0","0","0","0","0","0","0","0","0","0","1","0","1","1","1","1","1","1","1","1","1","1","1","1","1","0",NA,NA,NA,NA,"1","0",NA,NA,"0","0","1","1","0","0","1","0","0","0","0","0","0","0","0","0","1","0","0","0","0","0","0","0","0","0","1","0","0","0","0","0","0","1","1","1","1","1","1","1","1","1","1","1","1","1","1","1","1","1","1","1","1","1","1",NA,NA,"1",NA,NA,NA,"1",NA,NA,"1",NA,"1","1","0","0","0","0","0","1","0","0","1","0","1","1","1","1","1","1","1","0","0","0","0","0","0","1","0","0","0","0","1","1","1","1",NA,"1","1","1","1","1",NA,"1",NA,"1","1","1","1","1","1","1","1","1","1","0","1","1","1","0","1","1","1",NA,NA,NA,NA,NA,NA,NA,"0","1","1","1",NA,NA,"1","0","1","1","1",NA,"1","1","1","1","1","1",NA,"0","0","1","1","1","1",NA,"0","1","1","0","0","1",NA,NA,0.437810945273632
"T","N","N2","72","12","5","12N25","0","1","1","1","1","1","0","1",NA,"1","1","1","1","1","0","0","0","0","1","0","1","1","1",NA,"1","1","1","0","0","1","0","0","1","1","1","1","1","1","1","1","1","1","1","1","1","1","1","1","1","1",NA,NA,NA,NA,"1","1",NA,NA,"0","1","1","1","1","2","1","0","0","1","1","1","1","1","1","1","1","1","1","0","1","1","0","1","1","1","1","1","1","1","0","0","0","1","1","1","1","1","1","1","1","1","1","1","1","1","1","1","1","1","1","1","1","1","1",NA,NA,"1",NA,NA,NA,"1",NA,NA,"1",NA,"1","1","0","0","0","1","0","1","0","0","1","0","1","1","1","1","1","1","1","1","0","1","1","1","0","0","0","0","0","0","1","1","1","1",NA,"1","1","1","1","1",NA,"1",NA,"1","1","1","1","1","1","1","1","1","1","1","1","1","1","1","1","1","1",NA,NA,NA,NA,NA,NA,NA,"1","1","1","1",NA,NA,"1","0","1","1","1",NA,"1","1","1","1","1","1",NA,"1","1","1","1","1","1",NA,"1","1","1","1","1","1",NA,NA,0.169154228855721
"T","N","N3","72","12","1","12N31","0","0","1","1","1","1","1","1",NA,"1","1","1","1","1","0","0","0","0","1","1","0","1","1",NA,"1","0","1","1","0","0","0","0","1","1","1","1","1","1","1","1","1","1","1","1","1","1","1","1","1","1",NA,NA,NA,NA,"1","1",NA,NA,"1","1","1","0","1","1","1","0","0","1","0","0","1","1","1","1","1","1","1","1","1","1","0","0","1","1","1","1","1","0","0","0","0","1","1","1","1","1","1","1","1","1","1","1","1","1","1","1","1","1","1","1","1","1","1",NA,NA,"1",NA,NA,NA,"1",NA,NA,"1",NA,"1","1","0","0","0","1","0","1","1","0","1","0","1","1","1","1","1","1","1","1","1","0","1","0","0","0","0","0","0","0","1","1","1","1",NA,"1","1","1","1","1",NA,"1",NA,"1","1","1","1","1","1","1","1","1","1","1","1","1","1","1","1","1","1",NA,NA,NA,NA,NA,NA,NA,"1","1","1","1",NA,NA,"1","0","1","1","1",NA,"1","1","1","1","1","1",NA,"0","1","1","0","1","1",NA,"1","1","1","1","1","1",NA,NA,0.199004975124378
"T","N","N3","72","12","4","12N34","1","0","0","0","1","1","0","0",NA,"0","0","0","1","0","0","0","0","0","0","0","0","0","0",NA,"0","0","0","0","0","0","1","0","0","0","1","0","1","1","1","1","1","1","1","1","1","1","1","1","1","0",NA,NA,NA,NA,"1","0",NA,NA,"0","0","1","1","0","0","1","0","0","0","0","0","0","0","0","0","1","0","0","0","0","0","0","0","0","0","1","0","0","0","0","0","0","1","1","1","1","1","1","1","1","1","1","1","1","1","1","1","1","1","1","1","1","1","1",NA,NA,"1",NA,NA,NA,"1",NA,NA,"2",NA,"1","1","0","0","0","0","0","1","0","0","1","0","1","1","1","1","1","1","1","0","0","0","0","0","0","1","0","0","0","0","1","1","1","1",NA,"1","1","1","1","1",NA,"1",NA,"1","1","1","1","1","1","1","1","1","1","0","1","1","1","0","1","1","1",NA,NA,NA,NA,NA,NA,NA,"1","1","1","1",NA,NA,"1","0","1","1","1",NA,"1","1","1","1","1","1",NA,"0","0","1","1","1","1",NA,"0","1","1","0","0","1",NA,NA,0.417910447761194
"T","N","N5","72","12","1","12N51","0","1","1","1","1","1","1","1",NA,"1","1","1","1","1","0","0","0","1","1","1","1","1","1",NA,"1","1","1","1","1","0","0","0","1","1","1","1","1","1","1","1","1","1","1","1","1","1","1","1","1","1",NA,NA,NA,NA,"1","1",NA,NA,"1","1","1","0","1","1","1","0","1","1","0","1","1","1","1","1","1","1","1","1","1","1","0","1","1","1","1","1","1","1","1","0","0","1","1","1","1","1","1","1","1","1","1","1","1","1","1","1","1","1","1","1","1","1","1",NA,NA,"1",NA,NA,NA,"1",NA,NA,"1",NA,"1","1","1","0","1","1","1","1","1","0","1","1","1","1","1","1","1","1","1","1","1","1","1","1","1","0","0","0","1","1","1","1","1","1",NA,"1","1","1","1","1",NA,"1",NA,"1","1","1","1","1","1","1","1","1","1","1","1","1","1","1","1","1","1",NA,NA,NA,NA,NA,NA,NA,"1","1","1","1",NA,NA,"1","0","1","1","1",NA,"1","1","1","1","1","1",NA,"1","1","1","0","1","1",NA,"1","1","1","1","1","1",NA,NA,0.0995024875621891
"T","N","N5","72","12","2","12N52","1","0","0","0","1","1","0","0",NA,"0","0","0","1","0","0","0","0","0","0","0","0","0","0",NA,"0","0","0","0","0","0","0","0","0","0","1","0","1","1","1","1","1","1","1","1","1","1","1","1","1","0",NA,NA,NA,NA,"1","0",NA,NA,"1","0","1","0","0","1","1","0","0","0","0","0","0","0","0","0","1","0","0","0","0","0","0","0","0","0","1","0","0","0","0","0","0","1","1","1","1","1","1","1","1","1","1","1","1","1","1","1","1","1","1","1","1","1","1",NA,NA,"1",NA,NA,NA,"1",NA,NA,"1",NA,"1","1","0","0","0","0","0","1","0","0","1","0","1","1","1","1","1","1","1","0","0","0","0","0","0",NA,"0","0","0","0","1","1","1","1",NA,"1","1","1","1","1",NA,"1",NA,"1","1","1","1","1","1","1","1","1","1","1","1","1","1","0","1","1","1",NA,NA,NA,NA,NA,NA,NA,"1","1","1","1",NA,NA,"1","0","1","1","1",NA,"1","1","1","1","1","1",NA,"0","0","1","0","1","1",NA,"0","1","1","0","0","1",NA,NA,0.42
"T","N","N5","72","12","3","12N53","1","0","0","0","1","1","1","0",NA,"0","0","0","1","0","1","0","0","0","0","1","1","0","0",NA,"0","0","0","0","0","0","1","0","0","0","1","0","1","1","1","1","1","1","1","1","1","1","1","1","1","0",NA,NA,NA,NA,"1","0",NA,NA,"1","0","1","1","0","1","1","0","0","0","0","0","1","0","0","0","1","0","0","0","0","0","0","0","0","0","1","0","0","0","0","0","0","1","1","1","1","1","1","1","1","1","1","1","1","1","1","1","1","1","1","1","1","1","1",NA,NA,"1",NA,NA,NA,"1",NA,NA,"1",NA,"1","1","0","0","0","0","0","1","0","0","1","0","1","1","1","1","1","1","1","0","0","0","0","0","0","1","0","0","0","0","1","1","1","1",NA,"1","1","1","1","1",NA,"1",NA,"1","1","1","1","1","1","1","1","1","1","1","1","1","1","0","1","1","1",NA,NA,NA,NA,NA,NA,NA,"1","1","1","1",NA,NA,"1","0","1","1","1",NA,"1","1","1","1","1","1",NA,"0","0","1","1","1","1",NA,"0","1","1","0","0","1",NA,NA,0.378109452736318
"T","N","N5","72","12","4","12N54","0","1","1","1","1","1","1","1",NA,"1","1","1","1","1","0","1","1","1","1","1","1","0","1",NA,"1","1","1","1","1","1","0","1","0","0","1","1","1","1","1","1","1","1","1","1","1","1","1","1","1","1",NA,NA,NA,NA,"1","1",NA,NA,"1","1","1","0","1","1","1","1","1","1","1","1","1","1","1","1","1","1","1","1","1","1","0","1","1","1","1","1","1","0","0","0","1","1","1","1","1","1","1","1","1","1","1","1","1","1","1","1","1","1","1","1","1","1","1",NA,NA,"1",NA,NA,NA,"1",NA,NA,"1",NA,"1","1","1","1","1","1","1","1","1","1","1","0","1","1","1","1","1","1","1","1","1","1","1","1","1","0","1","0","1","0","1","1","1","1",NA,"1","1","1","1","1",NA,"1",NA,"1","1","1","1","1","1","1","1","1","1","1","1","1","1","1","1","1","1",NA,NA,NA,NA,NA,NA,NA,"1","1","1","1",NA,NA,"1","0","1","1","1",NA,"1","1","1","1","1","1",NA,"1","1","1","0","1","1",NA,"1","1","1","1","1","1",NA,NA,0.0845771144278607
"T","N","N5","72","12","5","12N55","0","0","0","0","1","1","0","0",NA,"1","0","0","1","0","0","0","0","0","0","0","0","0","0",NA,"0","0","0","0","0","0","0","0","0","0","1","0","1","1","1","1","1","1","1","1","1","1","1","1","1","0",NA,NA,NA,NA,"1","0",NA,NA,"0","0","1","0","0","0","1","0","0","0","0","0","0","0","0","0","1","0","0","0","0","0","1","0","0","0","1","0","0","0","0","0","0","1","1","1","1","1","1","1","1","1","1","1","1","1","1","1","1","1","1","1","1","1","1",NA,NA,"1",NA,NA,NA,"1",NA,NA,"1",NA,"1","1","0","0","0","0","0","1","0","0","1","0","1","1","1","1","1","1","1","0","0","0","0","0","0","1","0","0","0","1","1","1","1","1",NA,"1","1","1","1","1",NA,"1",NA,"1","1","1","1","1","1","1","1","1","1","1","1","1","1","0","1","1","1",NA,NA,NA,NA,NA,NA,NA,"1","1","1","1",NA,NA,"1","0","1","1","1",NA,"1","1","1","1","1","1",NA,"0","0","1","0","1","1",NA,"0","1","1","0","0","1",NA,NA,0.417910447761194
"T","N","N2","129","19","1","19N21","1","0","0","1","1","1","1","1",NA,"1","0","1","0","0","0","0","0","0","0","0","0","0","1",NA,"0","0","0","0","0","0","0","0","0","0","1","1","1","1","1","1","1","1","1","1","1","1","1","1","1","0",NA,NA,NA,NA,"1","1",NA,NA,"0","1","1","1","1","0","1","0","0","1","0","0","0","0","0","0","1","1","0","0","0","0","0","0","0","1","1","0","0","0","0","0","0","1","1","1","1","1","1","1","1","1","1","1","1","1","1","1","1","1","1","1","1","1","1",NA,NA,"1",NA,NA,NA,"1",NA,NA,"1",NA,"1","1","0",NA,"0","1","0","1","0","0","1","0","1","1","1","1","1","1","1","1","1","0","0","0","0","0","0","0","1","0","1","1","1","1",NA,"1","1","1","1","1",NA,"1",NA,"1","1","1","1","1","1","1","1","1","1","1","1","1","1","0","1","1","1",NA,NA,NA,NA,NA,NA,NA,"0","1","1","1",NA,NA,"1","0","1","1","1",NA,"1","1","1","1","1","1","1","0","1","1","1","1","1",NA,"1","1","1","0","0","1",NA,NA,0.333333333333333
"T","N","N2","129","19","3","19N23","0","0","0","0","1","1","0","0",NA,"0","0","0","1","0","0","0","0","0","0","0","0","0","0",NA,"0","0","0","0","0","0","0","0","0","0","1","0","1","1","1","1","1","1","1","1","1","1","1","1","1","0",NA,NA,NA,NA,"1","0",NA,NA,"1","0","1","0","0","1","1","0","0","0","0","0","0","0","0","0","1","0","0","0","0","0","0","0","0","0","1","0","0","0","0","0","0","1","1","1","1","1","1","1","1","1","1","1","1","1","1","1","1","1","1","1","1","1","1",NA,NA,"1",NA,NA,NA,"1",NA,NA,"1",NA,"1","1","0",NA,"0","0","0","1","0","0","1","0","1","1","1","1","1","1","1","0","0","0","0","0","0","0","0","0","0","0","1","1","1","1",NA,"1","1","1","1","1",NA,"1",NA,"1","1","1","1","1","1","1","1","1","1","1","1","1","1","0","1","1","1",NA,NA,NA,NA,NA,NA,NA,"1","1","1","1",NA,NA,"1","0","1","1","1",NA,"1","1","1","1","1","1","0","0","0","1","0","1","1",NA,"0","1","1","0","0","1",NA,NA,0.427860696517413
"T","N","N3","129","19","1","19N31","1","1","1","1","1","1","0","1",NA,"1","1","1","0","1","1","0","1","1","1","1","1","1","1",NA,"0","1","0","1","1","1","1","1","1","1","1","1","1","1","1","1","1","1","1","1","1","1","1","1","1","1",NA,NA,NA,NA,"1","1",NA,NA,"0","1","1","1","1","0","1","1","1","1","1","1","1","1","1","1","1","1","1","1","1","1","1","0","1","1","1","0","0","0","1","1","1","1","1","1","1","1","1","1","1","1","1","1","1","1","1","1","1","1","1","1","1","1","1",NA,NA,"1",NA,NA,NA,"1",NA,NA,"1",NA,"1","1","1",NA,"1","1","1","1","0","1","1","0","1","1","1","1","1","1","1","1","1","1","1","0","1","1","1","0","1","0","1","1","1","1",NA,"1","1","1","1","1",NA,"1",NA,"1","1","1","1","1","1","1","1","1","1","1","1","1","1","0","1","1","1",NA,NA,NA,NA,NA,NA,NA,"1","1","1","1",NA,NA,"1","0","1","1","1",NA,"1","1","1","1","1","1","1","1","1","1","1","1","1",NA,"1","1","1","0","1","1",NA,NA,0.0945273631840796
"T","N","N3","129","19","2","19N32","1","1","1","1","1","1","1","1",NA,"1","1","1","0","1","1","1","1","1","1","1","1","1","1",NA,"1","1","1","1","1","1","1","1","1","1","1","1","1","1","1","1","1","1","1","1","1","1","1","1","1","1",NA,NA,NA,NA,"1","1",NA,NA,"0","1","1","1","1","0","1","1","1","1","1","0","1","1","1","1","1","1","1","1","1","1","1","1","1","1","1","1","0","1","1","1","1","1","1","1","1","1","1","1","1","1","1","1","1","1","1","1","1","1","1","1","1","1","1",NA,NA,"1",NA,NA,NA,"1",NA,NA,"1",NA,"1","1","1",NA,"1","1","0","1","1","1","1","1","1","1","1","1","1","1","1","1","1","1","1","1","1","1","1","1","1","1","1","1","1","1",NA,"1","1","1","1","1",NA,"1",NA,"1","1","1","1","1","1","1","1","1","1","1","1","1","1","1","1","1","1",NA,NA,NA,NA,NA,NA,NA,"1","1","1","1",NA,NA,"1","0","1","1","1",NA,"1","1","1","1","1","1","1","1","1","1","1","1","1",NA,"1","1","1","1","1","1",NA,NA,0.0348258706467662
"T","N","N3","129","19","3","19N33","1","1","1","1","1","1","1","1",NA,"1","1","1","0","1","1","1","1","1","1","1","1","1","1",NA,"1","1","1","1","1","1","1","0","1","1","1","1","1","1","1","1","1","1","1","1","1","1","1","1","1","1",NA,NA,NA,NA,"1","1",NA,NA,"0","1","2","0","1","0","1","1","1","1","1","1","1","1","1","1","1","1","1","1","1","1","1","1","1","1","1","0","1","1","1","0","1","1","1","1","1","1","1","1","1","1","1","1","1","1","1","1","1","1","1","1","1","1","1",NA,NA,"1",NA,NA,NA,"1",NA,NA,"0",NA,"1","1","1",NA,"1","1","1","1","1","1","1","1","1","1","1","1","1","1","1","1","1","1","1","1","1","1","0","1","1","1","1","1","1","1",NA,"1","1","1","1","1",NA,"1",NA,"1","1","1","1","1","1","1","1","1","1","1","1","1","1","1","1","1","1",NA,NA,NA,NA,NA,NA,NA,"0","1","1","1",NA,NA,"0","0","1","1","1",NA,"0","1","1","1","1","1","1","1","1","1","1","1","1",NA,"1","1","1","0","1","1",NA,NA,0.0696517412935323
"T","N","N3","129","19","4","19N34","0","0","0","0","1","1","1","1",NA,"1","0","0","0","0","0","0","0","0","0","0","0","0","0",NA,"0","0","0","0","0","0","0","0","0","0","1","1","1","1","1","1","1","1","1","1","1","1","1","1","1","0",NA,NA,NA,NA,"1","0",NA,NA,"0","1","1","0","0","0","1","0","0","1","0","0","0","1","0","0","1","0","0","0","0","0","0","0","0","0","1","0","0","0","0","0","0","1","1","1","1","1","1","1","1","1","1","1","1","1","1","1","1","1","1","1","1","1","1",NA,NA,"1",NA,NA,NA,"1",NA,NA,"0",NA,"1","1","0",NA,"0","0","0","1","1","0","1","0","1","1","1","1","1","1","1","0","0","0","0","0","0","0","0","0","0","1","1","1","1","1",NA,"1","1","1","1","1",NA,"1",NA,"1","1","1","1","1","1","1","1","1","1","1","1","1","1","0","1","1","1",NA,NA,NA,NA,NA,NA,NA,"0","1","1","1",NA,NA,"1","0","1","1","1",NA,"1","1","1","1","1","1","0","0","0","1","1","1","1",NA,"1","1","1","0","0","1",NA,NA,0.398009950248756
"T","N","N5","129","19","1","19N51","0","0","0","0","1","1","0","1",NA,"1","0","1","1","1","0","0","0","0","0","0","0","0","0",NA,"0","0","0","0","0","0","0","0","0","0","1","1","1","1","1","1","1","1","1","1","1","1","1","1","1","0",NA,NA,NA,NA,"1","0",NA,NA,"1","1","1","0","0","1","1","0","0","1","0","0","0","1","0","0","1","1","0","0","0","0","0","0","0","0","1","0","0","0","0","0","0","1","1","1","1","1","1","1","1","1","1","1","1","1","1","1","1","1","1","1","1","1","1",NA,NA,"1",NA,NA,NA,"1",NA,NA,"0",NA,"1","1","0",NA,"0","0","0","1","1","0","1","0","1","1","1","1","1","1","1","0","0","0","0","1","0","0","0","0","0","1","1","1","1","1",NA,"1","1","1","1","1",NA,"1",NA,"1","1","1","1","1","1","1","1","1","1","1","1","1","1","0","1","1","1",NA,NA,NA,NA,NA,NA,NA,"1","1","1","1",NA,NA,"1","0","1","1","1",NA,"1","1","1","1","1","1","0","0","0","1","1","1","1",NA,"1","1","1","0","0","1",NA,NA,0.36318407960199
"T","N","N5","129","19","2","19N52","1","1","1","1","1","1","0","1",NA,"1","1","1","1","1","1","1","1","1","1","1","1","1","1",NA,"1","1","1","1","1","1","1","1","1","0","1","1","1","1","1","1","1","1","1","1","1","1","1","1","1","1",NA,NA,NA,NA,"1","1",NA,NA,"1","1","1","1","1","1","1","1","1","1","1","1","1","1","1","1","1","1","1","1","1","1","1","1","1","1","1","1","1","1","1","1","1","1","1","1","1","1","1","1","1","1","1","1","1","1","1","1","1","1","1","1","1","1","1",NA,NA,"1",NA,NA,NA,"1",NA,NA,"0",NA,"1","1","1",NA,"1","1","1","1","0","1","1","1","1","1","1","1","1","1","1","1","1","1","1","1","1","1","1","1","1",NA,"1","1","1","1",NA,"1","1","1","1","1",NA,"1",NA,"1","1","1","1","1","1","1","1","1","1","1","1","1","1","1","1","1","1",NA,NA,NA,NA,NA,NA,NA,"1","1","1","1",NA,NA,"1","0","1","1","1",NA,"0","1","1","1","1","1","1","1","1","1","1","1","1",NA,"1","1","1","0","1","1",NA,NA,0.035
"T","N","N5","129","19","3","19N53","1","1","1","1","1","1","1","1",NA,"1","1","1","0","1","1","1","1","1","1","1","1","1","1",NA,"1","1","1","1","1","1","1","1","1","1","1","1","1","1","1","1","1","1","1","1","1","1","1","1","1","1",NA,NA,NA,NA,"1","1",NA,NA,"1","1","1","1","1","0","1","1","1","1","1","1","1","1","1","1","1","1","1","1","1","1","1","1","1","1","1","1","1","1","1","1","1","1","1","1","1","1","1","1","1","1","1","1","1","1","1","1","1","1","1","1","1","1","1",NA,NA,"1",NA,NA,NA,"1",NA,NA,"1",NA,"1","1","1",NA,"1","1","1","1","1","1","1","1","1","1","1","1","1","1","1","1","1","1","1","1","1","1","1","1","1","1","1","1","1","1",NA,"1","1","1","1","1",NA,"1",NA,"1","1","1","1","1","1","1","1","1","1","1","1","1","1","1","1","1","1",NA,NA,NA,NA,NA,NA,NA,"0","1","1","1",NA,NA,"1","0","1","1","1",NA,"1","1","1","1","1","1","1","1","1","1","1","1","1",NA,"1","1","1","1","1","1",NA,NA,0.0199004975124378
"T","N","N5","129","19","4","19N54","1","1","1","1","1","1","1","1",NA,"1","1","1","1","1","1","1","1","1","1","1","1","1","1",NA,"1","1","1","1","1","1","1","1","1","1","1","1","1","1","1","1","1","1","1","1","1","1","1","1","1","1",NA,NA,NA,NA,"1","1",NA,NA,"1","1","1","1","0","1","1","1","1","1","1","1","1","1","1","1","1","1","1","1","1","1","1","1","1","1","1","1","1","1","1","1","1","1","1","1","1","1","1","1","1","1","1","1","1","1","1","1","1","1","1","1","1","1","1",NA,NA,"1",NA,NA,NA,"1",NA,NA,"1",NA,"1","1","1",NA,"1","1","1","1","1","1","1","1","1","1","1","1","1","1","1","1","1","1","1","1","1","1","1","1","1","1","1","1","1","1",NA,"1","1","1","1","1",NA,"1",NA,"1","1","1","1","1","1","1","1","1","1","1","1","1","1","1","1","1","1",NA,NA,NA,NA,NA,NA,NA,"1","1","1","1",NA,NA,"0","0","1","1","1",NA,"1","1","1","1","1","1","1","1","1","1","1","1","1",NA,"0","1","1","1","1","1",NA,NA,0.0199004975124378
"T","N","N2","166","21","1","21N21","0","0","0","0","1","1","0","0",NA,"1","0","0","0","0","0","0","0","0","0","0","0","0","0",NA,"0","0","0","0","0","0","0","0","0","0","1","0","1","1","1","1","1","1","1","1","1","1","1","1","1","0",NA,NA,NA,NA,"1","0",NA,NA,"0","0","1","0","0","0","1","0","0","0","0","0","0","1","0","0","1","0","0","0","0","0","0","0","0","0","1","0","0","0","0","0","0","1","1","1","1","1","1","1","1","1","1","1","1","1","1","1","1","1","1","1","1","1","1",NA,NA,"1",NA,NA,NA,"1",NA,NA,"1",NA,"1","1","0",NA,"0","0","0","1","0","0","1","0","1","1","1","1","1","1","1","0","0","0","0","0","0","0","0","0","0","0","1","1","1","1",NA,"1","1","1","1","1",NA,"1",NA,"1","1","1","1","1","1","1","1","1","1","1","1","1","1","0","1","1","1",NA,NA,NA,NA,NA,NA,NA,"1","1","1","1",NA,NA,"1","0","1","1","1",NA,"1","1","1","1","1","1","0","0","0","1","0","1","1",NA,"0","1","1","0","0","1",NA,"1",0.430693069306931
"T","N","N2","166","21","2","21N22","0","0","0","0","1","1","0","0",NA,"0","0","0","0","0","0","0","0","0","0","0","0","0","0",NA,"0","0","0","0","0","0","0","0","0","0","1","0","1","1","1","1","1","1","1","1","1","1","1","1","1","0",NA,NA,NA,NA,"1","0",NA,NA,"0","0","1","0","0","0","1","0","0","0","0","0","0","0","0","0","0","0","0","0","0","0","0","0","0","0","1","0","0","0","0","0","0","1","1","1","1","1","1","1","1","1","1","1","1","1","1","1","1","1","1","1","1","1","1",NA,NA,"1",NA,NA,NA,"1",NA,NA,"1",NA,"1","1","0",NA,"0","0","0","1","0","0","1","0","1","1","1","1","1","1","1","0","0","0","0","0","0","0","0","0","0","0","1","1","1","1",NA,"1","1","1","1","1",NA,"1",NA,"1","1","1","1","1","1","1","1","1","1","0","1","1","1","0","1","1","1",NA,NA,NA,NA,NA,NA,NA,"1","1","1","1",NA,NA,"1","0","1","1","1",NA,"1","1","1","1","1","1","0","0","0","1","0","1","1",NA,"0","0","1","0","0","1",NA,NA,0.45771144278607
"T","N","N2","166","21","3","21N23","0","0","0","0","1","1","0","0",NA,"0","0","0","1","0","0","0","0","0","0","0","0","0","0",NA,"0","0","0","0","0","0","0","0","0","0","1","0","1","1","1","1","1","1","1","1","1","1","1","1","1","0",NA,NA,NA,NA,"1","0",NA,NA,"1","0","1","0","0","1","1","0","0","0","0","0","0","0","0","0","0","0","0","0","0","0","0","0","0","0","1","0","0","0","0","0","0","1","1","1","1","1","1","1","1","1","1","1","1","1","1","1","1","1","1","1","1","1","1",NA,NA,"1",NA,NA,NA,"1",NA,NA,"0",NA,"1","1","0",NA,"0","0","0","1","0","0","1","0","1","1","1","1","1","1","1","0","0","0","0","0","0","0","0","0","0",NA,"1","1","1","1",NA,"1","1","1","1","1",NA,"1",NA,"1","1","1","1","1","1","1","1","1","1","0","1","1","1","0","1","1","1",NA,NA,NA,NA,NA,NA,NA,"1","1","1","1",NA,NA,"1","0","1","1","1",NA,"1","1","1","1","1","1","0","0","0","1","0","1","1",NA,"0","0","1","0","0","1",NA,NA,0.445
"T","N","N2","166","21","4","21N24","0","0","0","0","1","1","0","0",NA,"0","0","0","0","0","0","0","0","0","0","0","0","0","0",NA,"0","0","0","0","0","0","0","0","0","0","1","0","1","1","1","1","1","1","1","1","1","1","1","1","1","0",NA,NA,NA,NA,"1","0",NA,NA,"0","0","1","0","0","0","1","0","0","0","0","0","0","0","0","0","1","0","0","0","0","0","1","0","0","0","1","0","0","0","0","0","0","1","1","1","1","1","1","1","1","1","1","1","1","1","1","1","1","1","1","1","1","1","1",NA,NA,"1",NA,NA,NA,"1",NA,NA,"0",NA,"1","1","0",NA,"0","0","0","1","0","0","1","0","1","1","1","1","1","1","1","0","0","0","0","0","0","0","0","0","0","0","1","1","1","1",NA,"1","1","1","1","1",NA,"1",NA,"1","1","1","1","1","1","1","1","1","1","0","1","1","1","0","1","1","1",NA,NA,NA,NA,NA,NA,NA,"1","1","1","1",NA,NA,"1","0","1","1","1",NA,"1","1","1","1","1","1","0","0","0","1","0","1","1",NA,"0","1","1","0","0","1",NA,NA,0.447761194029851
"T","N","N3","166","21","1","21N31","1","1","1","1","1","1","1","1",NA,"1","1","0","0","0","1","1","1","1","1","1","1","1","1",NA,"1","1","1","1","1","1","1","1","1","1","1","1","1","1","1","1","1","1","1","1","1","1","1","1","1","1",NA,NA,NA,NA,"1","1",NA,NA,"0","1","1","0","0","0","1","1","1","1","1","1","1","1","1","1","1","2","0","0","1","1","0","1","1","1","1","1","1","1","1","1","1","1","1","1","1","1","1","1","1","1","1","1","1","1","1","1","1","1","1","1","1","1","1",NA,NA,"1",NA,NA,NA,"1",NA,NA,"0",NA,"1","1","1",NA,"1","1","1","1","1","1","1","1","1","1","1","1","1","1","1","1","1","1","1","1","1","1","1","1","1","1","1","1","1","1",NA,"1","1","1","1","1",NA,"1",NA,"1","1","1","1","1","1","1","1","1","1","1","1","1","1","1","1","1","1",NA,NA,NA,NA,NA,NA,NA,"0","1","1","1",NA,NA,"1","0","1","1","1",NA,"1","1","1","1","1","1","1","1","1","1","1","1","1",NA,"0","1","1","1","1","1",NA,"1",0.0693069306930693
"T","N","N3","166","21","2","21N32","0","0","0","0","1","1","0","0",NA,"0","0","0","0","0","0","0","0","0","0","0","0","0","0",NA,"0","0","0","0","0","0","0","0","0","0","1","0","1","1","1","1","1","1","1","1","1","1","1","1","1","0",NA,NA,NA,NA,"1","0",NA,NA,"0","0","1","0","0","0","1","0","0","0","0","0","0","0","0","0","1","0","0","0","0","0","1","0","0","0","1","0","0","0","0","0","0","1","1","1","1","1","1","1","1","1","1","1","1","1","1","1","1","1","1","1","1","1","1",NA,NA,"1",NA,NA,NA,"1",NA,NA,"0",NA,"1","1","0",NA,"0","0","0","1","0","0","1","0","1","1","1","1","1","1","1","0","0","0","0","0","0","0","0","0","0","0","1","1","1","1",NA,"1","1","1","1","1",NA,"1",NA,"1","1","1","1","1","1","1","1","1","1","1","1","1","1","0","1","1","1",NA,NA,NA,NA,NA,NA,NA,"1","1","1","1",NA,NA,"1","0","1","1","1",NA,"1","1","1","1","1","1","0","0","0","1","0","1","1",NA,"0","1","1","0","0","1",NA,"1",0.440594059405941
"T","N","N3","166","21","3","21N33","1","0","1","1","1","1","1","1",NA,"1","0","2","0","1","0","0","0","1","0","0","0","0","1",NA,"0","0","0","0","0","0","0","0","0","0","1","1","1","1","1","1","1","1","1","1","1","1","1","1","1","0",NA,NA,NA,NA,"1","1",NA,NA,"0","1","1","1","1","0","1","0","0","1","1","1","1","1","1","0","1","1","0","0","0","0","0","0","1","1","1","0","0","0","0","0","0","1","1","1","1","1","1","1","1","1","1","1","1","1","1","1","1","1","1","1","1","1","1",NA,NA,"1",NA,NA,NA,"1",NA,NA,"0",NA,"1","1","0",NA,"0","1","0","1","0","0","1","0","1","1","1","1","1","1","1","1","0","0","0","0","0","0","0","0","0","1","1","1","1","1",NA,"1","1","1","1","1",NA,"1",NA,"1","1","1","1","1","1","1","1","1","1","1","1","1","1","0","1","1","1",NA,NA,NA,NA,NA,NA,NA,"1","1","1","1",NA,NA,"1","0","1","1","1",NA,"1","1","1","1","1","1","0","0","1","1","1","1","1",NA,"1","1","1","0","0","1",NA,NA,0.298507462686567
"T","N","N3","166","21","4","21N34","0","0","0","0","1","1","0","0",NA,"0","0","0","0","0","0","0","0","0","0","0","0","0","0",NA,"0","0","0","0","0","0","0","0","0","0","1","0","1","1","1","1","1","1","1","1","1","1","1","1","1","0",NA,NA,NA,NA,"1","0",NA,NA,"0","0","1","0","0","0","1","0","0","0","0","0","0","0","0","0","1","0","0","0","0","0","0","0","0","0","1","0","0","0","0","0","0","1","1","1","1","1","1","1","1","1","1","1","1","1","1","1","1","1","1","1","1","1","1",NA,NA,"1",NA,NA,NA,"1",NA,NA,"0",NA,"1","1","0",NA,"0","0","0","1","0","0","1","0","1","1","1","1","1","1","1","0","0","0","0","0","0","0","0","0","0","0","1","1","1","1",NA,"1","1","1","1","1",NA,"1",NA,"1","1","1","1","1","1","1","1","1","1","0","1","1","1","0","1","1","1",NA,NA,NA,NA,NA,NA,NA,"0","1","1","1",NA,NA,"1","0","1","1","1",NA,"1","1","1","1","1","1","0","0","0","1","0","1","1",NA,"0","1","1","0","0","1",NA,"1",0.455445544554455
"T","P","P2","9","3","1","3P21","1","1","0","0","1","1","1","0",NA,"0","0","0","0","0","0","0","0","0","0","1","1","0","0",NA,"0","0","1","0","1","0","0","1","0","0","1","0","1","1","1","1","1","1","1","1","1","1","1","1","1","0",NA,NA,NA,NA,"1","0",NA,NA,"0","0","1","0","0","0","1","1","1","0","0","1","0","0","0","0","1","0","0","0","0","0","0","0","1","0","1","0","0","0","0","0","0","1","1","1","1","1","1","1","1","1","1","1","1","1","1","1","1","1","1","1","1","1","1",NA,NA,"1",NA,NA,NA,"1",NA,NA,"0",NA,"1","1","0","0","0","0","0","1","0","0","1","1","1","1","1","1","1","1","1","0","0","0","1","0","0","0","1","1","1","1","1","1","1","1",NA,"1","1","1","1","1",NA,"1",NA,"1","1","1","1","1","1","1","1","1","1","1","1","1","1","0","1","1","1",NA,NA,NA,NA,NA,NA,NA,"0","1","1","1",NA,NA,"1","0","1","1","1",NA,"1","1","1","1","1","1",NA,"0","0","1","0","1","1",NA,"0","1","1","0","0","1",NA,"1",0.361386138613861
"T","P","P2","9","3","2","3P22","1","1","0","0","1","1","1","0",NA,"1","0","0","1","0","1","0","0","0","0","0","0","0","0",NA,"0","0","1","0","0","0","1","0","0","0","1","1","1","1","1","1","1","1","1","1","1","1","1","1","1","0",NA,NA,NA,NA,"1","0",NA,NA,"0","0","1","0","0","1","1","0","0","0","0","0","1","0","0","0","1","0","0","0","0","0","0","1","1","0","1","0","0","0","0","0","0","1","1","1","1","1","1","1","1","1","1","1","1","1","1","1","1","1","1","1","1","1","1",NA,NA,"1",NA,NA,NA,"1",NA,NA,"0",NA,"1","1","0","0","0","0","0","1","0","0","1","0","1","1","1","1","1","1","1","0","0","0","0","0","0","0","0","0","0","0","1","1","1","1",NA,"1","1","1","1","1",NA,"1",NA,"1","1","1","1","1","1","1","1","1","1","1","1","1","1","0","1","1","1",NA,NA,NA,NA,NA,NA,NA,"1","1","1","1",NA,NA,"1","0","1","1","1",NA,"1","1","1","1","1","1",NA,"0","0","1","0","1","1",NA,"0","1","1","0","0","1",NA,"1",0.381188118811881
"T","P","P4","9","3","1","3P41","1","1","1","1","1","1","1","1",NA,"1","1","1","0","1","1","1","1","1","1","1","1","1","1",NA,"1","1","1","1","1","1","1","1","1","1","1","1","1","1","1","1","1","1","1","1","1","1","1","1","1","1",NA,NA,NA,NA,"1","1",NA,NA,"0","1","1","1","1","0","1","1","1","1","1","1","0","1","1","1","1","1","1","1","1","1","0","1","1","1","1","1","1","1","1","1","1","1","1","1","1","1","1","1","1","1","1","1","1","1","1","1","1","1","1","1","1","1","1",NA,NA,"1",NA,NA,NA,"1",NA,NA,"0",NA,"1","1","1","1","1","1","1","1","1","1","1","1","1","1","1","1","1","1","1","1","1","1","1","1","1","1","1","1","1","1","1","1","1","1",NA,"1","1","1","1","1",NA,"1",NA,"1","1","1","1","1","1","1","1","1","1","1","1","1","1","1","1","1","1",NA,NA,NA,NA,NA,NA,NA,NA,"1","1","1",NA,NA,"1","0","1","1","1",NA,"1","1","1","1","1","1",NA,"1","1","1","1","1","1",NA,"1","1","1","1","1","1",NA,"1",0.0348258706467662
"T","P","P4","9","3","2","3P42","1","1","1","1","1","1","1","1",NA,"1","1","1","0","1","1","1","1","1","1","1","0","1","1",NA,"1","1","1","1","1","1","1","1","1","1","1","1","1","1","1","1","1","1","1","1","1","1","1","1","1","1",NA,NA,NA,NA,"1","1",NA,NA,"0","1","1","1","1","0","1","1","1","0","1","0","0","1","1","1","1","1","1","1","1","1","1","1","1","1","1","1","1","1","1","1","1","1","1","1","1","1","1","1","1","1","1","1","1","1","1","1","1","1","1","1","1","1","1",NA,NA,"1",NA,NA,NA,"1",NA,NA,"0",NA,"1","1","1","0","1","1","1","1","1","1","1","0","1","1","1","1","1","1","1","1","1","1","1","1","1","1","1","1","1","1","1","1","1","1",NA,"1","1","1","1","1",NA,"1",NA,"1","1","1","1","1","1","1","1","1","1","1","1","1","1","1","1","1","1",NA,NA,NA,NA,NA,NA,NA,NA,"1","1","1",NA,NA,"1","0","1","1","1",NA,"1","1","1","1","1","1",NA,"1","1","1","1","1","1",NA,"1","1","1","1","1","1",NA,"1",0.054726368159204
"T","P","P5","9","3","1","3P51","0","1","1","1","1","1","1","1",NA,"1","1","1","0","1","0","1","1","1","1","1","1","1","1",NA,"1","1","1","1","1","1","0","1","1","1","1","1","1","1","1","1","1","1","1","1","1","1","1","1","1","1",NA,NA,NA,NA,"1","1",NA,NA,"0","1","1","1","1","0","1","1","1","1","1","1","0","1","1","1","1","1","1","1","1","1","1","1","1","1","1","1","1","1","1","1","1","1","1","1","1","1","1","1","1","1","1","1","1","1","1","1","1","1","1","1","1","1","1",NA,NA,"1",NA,NA,NA,"1",NA,NA,"0",NA,"1","1","1","1","1","1","1","1","1","1","1","1","1","1","1","1","1","1","1","1","1","1","1","1","1","1","1","1","1","1","1","1","1","1",NA,"1","1","1","1","1",NA,"1",NA,"1","1","1","1","1","1","1","1","1","1","1","1","1","1","1","1","1","1",NA,NA,NA,NA,NA,NA,NA,NA,"1","1","1",NA,NA,"1","0","1","1","1",NA,"1","1","1","1","1","1",NA,"1","1","1","1","1","1",NA,"1","1","1","1","1","1",NA,NA,0.045
"T","P","P2","23","5","1","5P21","1","1","1","1","1","1","1","1",NA,"1","1","1","0","0","0","1","1","1","1","1","1","1","2",NA,"1","1","1","1","1","1","0","1","1","1","1","1","1","1","1","1","1","1","1","1","1","1","1","1","1","1",NA,NA,NA,NA,"1","1",NA,NA,"0","1","1","1","1","0","1","1","0","1","1","1","1","1","1","1","1","1","1","1","1","1","1","0","1","1","1","1","1","1","1","1","1","1","1","1","1","1","1","1","1","1","1","1","1","1","1","1","1","1","1","1","1","1","1",NA,NA,"1",NA,NA,NA,"1",NA,NA,"0",NA,"1","1","1","1","1","1","1","1","1","1","1","1","1","1","1","1","1","1","1","1","1","1","1","1","1",NA,"1","1","1","1","1","1","1","1",NA,"1","1","1","1","1",NA,"1",NA,"1","1","1","1","1","1","1","1","1","1","1","1","1","1","1","1","1","1",NA,NA,NA,NA,NA,NA,NA,NA,"1","1","1",NA,NA,"1","0","1","1","1",NA,"1","1","1","1","1","1",NA,"1","1","1","1","1","1",NA,"1","1","1","1","1","1",NA,NA,0.050251256281407
"T","P","P2","23","5","2","5P22","1","1","1","1","1","1","1","1",NA,"1","0","1","0","1","1","0","0","1","0","0","0","0","0",NA,"0","0","0","0","0","1","1","0","1","1","1","1","1","1","1","1","1","1","1","1","1","1","1","1","1","0",NA,NA,NA,NA,"1","1",NA,NA,"0","0","1","0","0","0","1","0","0","0","0","0","0","1","0","0","1","1","0","0","0","0","1","0","1","1","1","0","0","0","0","1","1","1","1","1","1","1","1","1","1","1","1","1","1","1","1","1","1","1","1","1","1","1","1",NA,NA,"1",NA,NA,NA,"1",NA,NA,"0",NA,"1","1","0","0","0","1","0","1","0","0","1","0","1","1","1","1","1","1","1","1","0","0","0","1","0",NA,"0","0","0","0","1","1","1","1",NA,"1","1","1","1","1",NA,"1",NA,"1","1","1","1","1","1","1","1","1","1","1","1","1","1","0","1","1","1",NA,NA,NA,NA,NA,NA,NA,NA,"1","1","1",NA,NA,"1","0","1","1","1",NA,"1","1","1","1","1","1",NA,"0","1","1","1","1","1",NA,"0","1","1","0","0","1",NA,NA,0.301507537688442
"T","P","P2","23","5","3","5P23","1","1","1","1","1","1","1","1",NA,"1","1","1","1","0","1","1","1","1","1","1","1","1","1",NA,"1","1","1","1","1","1","1","1","1","0","1","1","1","1","1","1","1","1","1","1","1","1","1","1","1","1",NA,NA,NA,NA,"1","1",NA,NA,"0","1","1","1","1","0","1","1","1","1","1","1","1","1","1","1","1","1","1","1","1","1","1","1","1","1","1","1","1","1","1","1","1","1","1","1","1","1","1","1","1","1","1","1","1","1","1","1","1","1","1","1","1","1","1",NA,NA,"1",NA,NA,NA,"1",NA,NA,"0",NA,"1","1","1","1","1","1","1","1","1","1","1","1","1","1","1","1","1","1","1","1","1","1","1","1","1","1","1","1","1","1","1","1","1","1",NA,"1","1","1","1","1",NA,"1",NA,"1","1","1","1","1","1","1","1","1","1","1","1","1","1","1","1","1","1",NA,NA,NA,NA,NA,NA,NA,NA,"1","1","1",NA,NA,"1","1","1","1","1",NA,"1","1","1","1","1","1",NA,"1","1","1","1","1","1",NA,"1","1","1","1","1","1",NA,NA,0.025
"T","P","P4","23","5","1","5P41","1","1","1","1","1","1","1","1",NA,"1","1","1","1","1","1","1","1","1","1","1","1","1","1",NA,"1","1","1","1","1","1","1","1","1","1","1","1","1","1","1","1","1","1","1","1","1","1","1","1","1","1",NA,NA,NA,NA,"1","1",NA,NA,"0","1","1","1","1","0","1","1","1","1","1","1","1","1","1","1","1","1","1","1","1","1","1","1","1","1","1","1","1","1","1","1","1","1","1","1","1","1","1","1","1","1","1","1","1","1","1","1","1","1","1","1","1","1","1",NA,NA,"1",NA,NA,NA,"1",NA,NA,"0",NA,"1","1","1","1","1","1","1","1","1","1","1","1","1","1","1","1","1","1","1","1","1","1","1","1","1","1","1","1","1","1","1","1","1","1",NA,"1","1","1","1","1",NA,"1",NA,"1","1","1","1","1","1","1","1","1","1","1","1","1","1","1","1","1","1",NA,NA,NA,NA,NA,NA,NA,NA,"1","1","1",NA,NA,"1","1","1","1","1",NA,"1","1","1","1","1","1",NA,"1","1","1","1","1","1",NA,"1","1","1","1","1","1",NA,NA,0.015
"T","P","P4","23","5","2","5P42","1","1","1","1","1","1","1","1",NA,"1","1","1","1","1","1","1","1","1","1","1","1","1","1",NA,"1","1","1","1","1","1","0","1","1","1","1","1","1","1","1","1","1","1","1","1","1","1","1","1","1","1",NA,NA,NA,NA,"1","1",NA,NA,"0","1","1","1","1","1","1","1","1","1","1","1","1","1","1","1","1","1","1","1","1","1","1","1","1","1","1","1","1","1","1","1","1","1","1","1","1","1","1","1","1","1","1","1","1","1","1","1","1","1","1","1","1","1","1",NA,NA,"1",NA,NA,NA,"1",NA,NA,"0",NA,"1","1","1","1","1","1","1","1","1","1","1","1","1","1","1","1","1","1","1","1","1","1","1","1","1","1","1","1","1","1","1","1","1","1",NA,"1","1","1","1","1",NA,"1",NA,"1","1","1","1","1","1","1","1","1","1","1","1","1","1","1","1","1","1",NA,NA,NA,NA,NA,NA,NA,NA,"1","1","1",NA,NA,"1","0","1","1","1",NA,"1","1","1","1","1","1",NA,"1","1","1","1","1","1",NA,"1","1","1","1","1","1",NA,NA,0.02
"T","P","P4","23","5","3","5P43","0","1","1","1","1","1","1","1",NA,"1","1","1","0","1","0","1","1","1","1","1","1","1","1",NA,"1","1","1","1","1","1","0","1","1","1","1","1","1","1","1","1","1","1","1","1","0","1","1","1","1","1",NA,NA,NA,NA,"1","1",NA,NA,"0","1","1","1","1","0","1","1","1","1","0","1","0","1","1","1","1","1","0","1","1","1","1","1","1","1","1","1","1","1","1","1","0","1","1","1","1","1","1","1","1","1","1","1","1","1","1","1","1","1","1","1","1","1","1",NA,NA,"1",NA,NA,NA,"1",NA,NA,"0",NA,"1","1","1","1","0","1","1","1","1","1","1","1","1","1","1","1","1","1","1","1","1","0","1","1","1","0","1","0","1","1","1","1","1","1",NA,"1","1","1","1","1",NA,"1",NA,"1","1","1","1","1","1","1","1","1","1","1","1","1","1","1","1","1","1",NA,NA,NA,NA,NA,NA,NA,NA,"1","1","1",NA,NA,"0","0","1","1","1",NA,"0","1","1","1","1","1",NA,"1","1","1","0","1","1",NA,"1","1","1","1","1","1",NA,NA,0.1
"T","P","P5","23","5","1","5P51","0","0","0","0","1","1","0","1",NA,"1","0","0","1","0","0","0","0","0","0","0","0","0","0",NA,"0","0","0","0","0","0","0","0","0","0","1","1","1","1","1","1","1","1","1","1","1","1","1","1","1","0",NA,NA,NA,NA,"1","0",NA,NA,"0","0","1","0","0","1","1","0","0","0","0","0","0","0","0","0","1","0","0","0","0","0","1","0","1","0","1","0","0","0","0","0","0","1","1","1","1","1","1","1","1","1","1","1","1","1","1","1","1","1","1","1","1","1","1",NA,NA,"1",NA,NA,NA,"1",NA,NA,"0",NA,"1","1","0","0","0","0","0","1","0","0","1","0","1","1","1","1","1","1","1","0","0","0","0","0","0","0","0","0","0","0","1","1","1","1",NA,"1","1","1","1","1",NA,"1",NA,"1","1","1","1","1","1","1","1","1","1","1","1","1","1","0","1","1","1",NA,NA,NA,NA,NA,NA,NA,NA,"1","1","1",NA,NA,"1","1","1","1","1",NA,"1","1","1","1","1","1",NA,"0","0","1","0","1","1",NA,"0","1","1","0","0","1",NA,NA,0.41
"T","P","P5","23","5","2","5P52","1","0","0","0","1","1","0","0",NA,"0","0","0","1","0","1","0","0","0","0","0","0","0","0",NA,"0","0","0","0","0","0","1","0","0","0","1","0","1","1","1","1","1","1","1","1","1","1","1","1","1","0",NA,NA,NA,NA,"1","0",NA,NA,"0","0","1","1","0","1","1","0","0","0","0","0","0","0","0","0","1","0","0","0","0","0","0","0","0","0","1","0","0","0","0","0","0","1","1","1","1","1","1","1","1","1","1","1","1","1","1","1","1","1","1","1","1","1","1",NA,NA,"1",NA,NA,NA,"1",NA,NA,"0",NA,"1","1","0","0","0","0","0","1","0","0","1","0","0","1","1","1","1","1","1","0","0","0","0","0","0","1","0","0","0","0","1","1","1","1",NA,"1","1","1","1","1",NA,"1",NA,"1","1","1","1","1","1","1","1","1","1","0","1","1","1","0","1","1","1",NA,NA,NA,NA,NA,NA,NA,NA,"1","1","1",NA,NA,"1","1","1","1","1",NA,"1","1","1","1","1","1",NA,"0","0","1","1","1","1",NA,"0","1","1","0","0","1",NA,NA,0.415
"T","P","P5","23","5","3","5P53","0","0","1","1","1","1","1","1",NA,"1","1","1",NA,"1","0","1","1","1","1","0","0","1","1",NA,"1","1","1","1","1","1","0","0","1","1","1","1","1","1","1","1","1","1","1","1","1","1","1","1","1","1",NA,NA,NA,NA,"1","1",NA,NA,"0","1","1","0","1","1","1","1","1","1","1","1","1","1","1","1","1","1","1","1","1","1","0","1","1","1","1","1","1","1","1","1","1","1","1","1","1","1","1","1","1","1","1","1","1","1","1","1","1","1","1","1","1","1","1",NA,NA,"1",NA,NA,NA,"1",NA,NA,"0",NA,"1","1","1","1","1","1","1","1","1","1","1","1","1","1","1","1","1","1","1","1","1","1","1","1","1",NA,"0","0","0","1","1","1","1","1",NA,"1","1","1","1","1",NA,"1",NA,"1","1","1","1","1","1","1","1","1","1","1","1","1","1","1","1","1","1",NA,NA,NA,NA,NA,NA,NA,NA,"1","1","1",NA,NA,"1","1","1","1","1",NA,"1","1","1","1","1","1",NA,"1","1","1","0","1","1",NA,"0","1","1","1","1","1",NA,NA,0.0808080808080808
"T","P","P2","72","12","1","12P21","0","1","0","1","1","1","1","0",NA,"0","1","1","1",NA,"0","0","0","0","1","1","1","1",NA,NA,"1","0","0","1","1","0","0","0","0","0","1","0","1","1","1","1","1","1","1","1","1","1","1","1","1","1",NA,NA,NA,NA,"1","1",NA,NA,"0",NA,NA,NA,NA,"0",NA,"1","1","1","0","0","1","1","1","0","1",NA,"0","0","0","0","0","0","1","1","1","0","1","1","0","0","0","1","1","1","1","1","1","1","1","1","1","1","1","1","1","1","1","1","1","1","1","1","1",NA,NA,"1",NA,NA,NA,"1",NA,NA,"0",NA,NA,NA,"1","1","1","1","1","1","0","1","1","1","1",NA,"1","1","1","1","1","1","0","0","0","1","1","0","1","1","1","1","1","1","1","1",NA,"1","1","1","1","1",NA,"1",NA,"1","1","1","1","1","1","1","1","1","1","1","1","1","1","1","1","1","1",NA,NA,NA,NA,NA,NA,NA,NA,"1","1","1",NA,NA,NA,"1",NA,NA,NA,NA,NA,NA,"1","1",NA,"1",NA,"1","1","1",NA,"1","1",NA,"0","1","1","1","1","1",NA,NA,0.209944751381215
"T","P","P2","72","12","2","12P22","0","0","0","0","1","1","0",NA,NA,NA,"0","0","1","0","0","0","0","0","0","0","0","0","0",NA,"0","0","0","0","0","0","0","0","0","0","1",NA,"1","1","1","1","1","1","1","1","1","1","1","1","1","0",NA,NA,NA,NA,"1","0",NA,NA,"0","0","1","0","0","1","1","0","0","0","0","0","0","0","0","0","1","0","0","0","0","0","1","0","0","0","1","0","0","0","0","0","0","1","1","1",NA,NA,"1","1","1","1","1","1","1","1","1","1","1","1","1","1","1","1","1",NA,NA,"1",NA,NA,NA,"1",NA,NA,"0",NA,"1","1","0","0","0","0","0","1","0","0","1","0","1","1","1","1","1","1","1","0","0","0","0","0","0","0","0","0","0","0","1","1","1","1",NA,"1","1","1","1","1",NA,"1",NA,"1","1","1","1","1","1","1","1","1","1","1","1","1","1","0","1","1","1",NA,NA,NA,NA,NA,NA,NA,NA,"1","1","1",NA,NA,"1","1","1","1","1",NA,"1","1","1","1","1","1",NA,"0","0","1","0","1","1",NA,"0","1","1","0","0",NA,NA,NA,0.427835051546392
"T","P","P2","72","12","3","12P23","0","0","0","0","1","1","0","0",NA,"0","0","0","1","0","0","0","0","0","0","0","0","0","0",NA,"0","0","0","0","0","0","0","0","0","0","1","0","1","1","1","1","1","1","1","1","1","1","1","1","1","0",NA,NA,NA,NA,"1","0",NA,NA,"0","0","1","0","0","1","1","0","0","0","0","0","0","0","0","0","1","0","0","0","0","0","0","0","0","0","1","0","0","0","0","0","0","1","1","1","1","1","1","1","1","1","1","1","1","1","1","1","1","1","1","1","1","1","1",NA,NA,"1",NA,NA,NA,"1",NA,NA,"0",NA,"1","1","0","0","0","0","0","1","0","0","1","0","1","1","1","1","1","1","1","0","0","0","0","0","0","0","0","0","0","0","1","1","1","1",NA,"1","1","1","1","1",NA,"1",NA,"1","1","1","1","1","1","1","1","1","1","1","1","1","1","0","1","1","1",NA,NA,NA,NA,NA,NA,NA,NA,"1","1","1",NA,NA,"1","1","1","1","1",NA,"1","1","1","1","1","1",NA,"0","0","1","0","1","1",NA,"0","1","1","0","0","1",NA,NA,0.435
"T","P","P2","72","12","4","12P24","0","0","0","0","1","1","0","0",NA,"0","0","0","1","0","0","0","0","0","0","0","0","0","0",NA,"0","0","0","0","0","0","0","0","0","0","1","0","1","1","1","1","1","1","1","1","1","1","1","1","1","0",NA,NA,NA,NA,"1","0",NA,NA,"0","0","1","0","0","1","1","0","0","0","0","0","0","0","0","0","1","0","0","0","0","0","0","0","0","0","1","0","0","0","0","0","0","1","1","1","1","1","1","1","1","1","1","1","1","1","1","1","1","1","1","1","1","1","1",NA,NA,"1",NA,NA,NA,"1",NA,NA,"0",NA,"1","1","0","0","0","0","0","1","0","0","1","0","1","1","1","1","1","1","1","0","0","0","0","0","0","0","0","0","0","0","1","1","1","1",NA,"1","1","1","1","1",NA,"1",NA,"1","1","1","1","1","1","1","1","1","1","1","1","1","1","0","1","1","1",NA,NA,NA,NA,NA,NA,NA,NA,"1","1","1",NA,NA,"1","1","1","1","1",NA,"1","1","1","1","1","1",NA,"0","0","1","0","1","1",NA,"0","1","1","0","0","1",NA,NA,0.435
"T","P","P2","72","12","5","12P25","0","0","0","0","1","1","0","0",NA,"0","0","0","1","0","1","0","0","0","0","0","0","0","0",NA,"0","0","0","0","0","0","0","0","0","0","1","0","1","1","1","1","1","1","1","1","1","1","1","1","1","0",NA,NA,NA,NA,"1","0",NA,NA,"0","0","1","0","0","1","1","0","0","0","0","0","0","0","0","0","1","0","0","0","0","0","0","0","0","0","1","0","0","0","0","0","0","1","1","1","1","1","1","1","1","1","1","1","1","1","1","1","1","1","1","1","1","1","1",NA,NA,"1",NA,NA,NA,"1",NA,NA,"0",NA,"1","1","0","0","0","0","0","1","0","0","1","0","1","1","1","1","1","1","1","0","0","0","0","0","0","0","0","0","0","0","1","1","1","1",NA,"1","1","1","1","1",NA,"1",NA,"1","1","1","1","1","1","1","1","1","1","0","1","1","1","0","1","1","1",NA,NA,NA,NA,NA,NA,NA,NA,"1","1","1",NA,NA,"1","1","1","1","1",NA,"1","1","1","1","1","1",NA,"0","0","1","0","1","1",NA,"0","1","1","0","0","1",NA,NA,0.435
"T","P","P4","72","12","1","12P41","0","0","0","0","1","1","1","0",NA,"0","0","0","1","0","0","0","0","0","0","0","0","0","0",NA,"0","0","0","0","0","0","0","0","0","0","1","0","1","1","1","1","1","1","1","1","1","1","1","1","1","0",NA,NA,NA,NA,"1","0",NA,NA,"0","0","1","0","0","1","1","0","0","0","0","0","0","0","0","0","1","0","0","0","0","0","0","0","0","0","1","0","0","0","0","0","0","1","1","1","1","1","1","1","1","1","1","1","1","1","1","1","1","1","1","1","1","1","1",NA,NA,"1",NA,NA,NA,"1",NA,NA,"0",NA,"1","1","0",NA,"0","0","0","1","0","0","1","0","1","1","1","1","1","1","1","0","1","1","0","0","0","0","0","0","0","0","1","1","1","1",NA,"1","1","1","1","1",NA,"1",NA,"1","1","1","1","1","1","1","1","1","1","0","1","1","1","0","1","1","1",NA,NA,NA,NA,NA,NA,NA,NA,"1","1","1",NA,NA,"1","1","1","1","1",NA,"1","1","1","1","1","1","0","0","0","1","0","1","1",NA,"0","1","1","0","0","1",NA,NA,0.425
"T","P","P4","72","12","2","12P42","0","0","0","0","1","1","0","0",NA,"0","0","0","1","0","0","0","0","0","0","0","0","0","0",NA,"0","0","0","0","0","0","0","0","0","0","1","0","1","1","1","1","1","1","1","1","1","1","1","1","1","0",NA,NA,NA,NA,"1","0",NA,NA,"0","0","1","0","0","1","1","0","0","0","0","0","0","0","0","0","1","0","0","0","0","0","0","0","0","0","1","0","0","0","0","0","0","1","1","1","1","1","1","1","1","1","1","1","1","1","1","1","1","1","1","1","1","1","1",NA,NA,"1",NA,NA,NA,"1",NA,NA,"0",NA,"1","1","0",NA,"0","0","0","1","0","0","1","0","1","1","1","1","1","1","1","0","0","0","0","0","0","0","0","0","0","0","1","1","1","1",NA,"1","1","1","1","1",NA,"1",NA,"1","1","1","1","1","1","1","1","1","1","1","1","1","1","0","1","1","1",NA,NA,NA,NA,NA,NA,NA,NA,"1","1","1",NA,NA,"1","1","1","1","1",NA,"1","1","1","1","1","1","0","0","0","1","0","1","1",NA,"0","1","1","0","0","1",NA,NA,0.435
"T","P","P4","72","12","3","12P43","0","0","0","0","1","1","0","0",NA,"0","0","0","1","0","0","0","0","0","0","0","0","0","0",NA,"0","0","0","0","0","0","0","0","0","0","1","0","1","1","1","1","1","1","1","1","1","1","1","1","1","0",NA,NA,NA,NA,"1","0",NA,NA,"0","0","1","0","0","1","1","0","0","0","0","0","0","0","0","0","1","0","0","0","0","0","0","0","0","0","1","0","0","0","0","0","0","1","1","1","1","1","1","1","1","1","1","1","1","1","1","1","1","1","1","1","1","1","1",NA,NA,"1",NA,NA,NA,"1",NA,NA,"0",NA,"1","1","0",NA,"0","0","0","1","0","0","1","0","1","1","1","1","1","1","1","0","0","0","0","0","0","0","0","0","0","0","1","1","1","1",NA,"1","1","1","1","1",NA,"1",NA,"1","1","1","1","1","1","1","1","1","1","0","1","1","1","0","1","1","1",NA,NA,NA,NA,NA,NA,NA,NA,"1","1","1",NA,NA,"1","1","1","1","1",NA,"1","1","1","1","1","1","0","0","0","1","0","1","1",NA,"0","1","1","0","0","1",NA,NA,0.44
"T","P","P4","72","12","4","12P44","0","0","0","0","1","1","0","0",NA,"0","0","0","1","0","0","0","0","0","0","0","0","0","0",NA,"0","0","0","0","0","0","0","0","0","0","1","0","1","1","1","1","1","1","1","1","1","1","1","1","1","0",NA,NA,NA,NA,"1","0",NA,NA,"0","0","1","0","0","1","1","0","0","0","0","0","0","0","0","0","1","0","0","0","0","0","0","0","0","0","1","0","0","0","0","0","0","1","1","1","1","1","1","1","1","1","1","1","1","1","1","1","1","1","1","1","1","1","1",NA,NA,"1",NA,NA,NA,"1",NA,NA,"0",NA,"1","1","0",NA,"0","0","0","1","0","0","1","0","1","1","1","1","1","1","1","0","0","0","0","0","0","0","0","0","0","0","1","1","1","1",NA,"1","1","1","1","1",NA,"1",NA,"1","1","1","1","1","1","1","1","1","1","0","1","1","1","0","1","1","1",NA,NA,NA,NA,NA,NA,NA,NA,"1","1","1",NA,NA,"1","1","1","1","1",NA,"1","1","1","1","1","1","0","0","0","1","0","1","1",NA,"0","1","1","0","0","1",NA,NA,0.44
"T","P","P4","72","12","5","12P45","0","0","0","0","1","1","0","0",NA,"0","0","0","1","0","0","0","0","0","0","0","0","0","0",NA,"0","0","0","0","0","0","0","0","0","0","1","0","1","1","1","1","1","1","1","1","1","1","1","1","1","0",NA,NA,NA,NA,"1","0",NA,NA,"0","0","1","0","0","1","1","0","0","0","0","0","0","0","0","0","1","0","0","0","0","0","0","0","0","0","1","0","0","0","0","0","0","1","1","1","1","1","1","1","1","1","1","1","1","1","1","1","1","1","1","1","1","1","1",NA,NA,"1",NA,NA,NA,"1",NA,NA,"0",NA,"1","1","0",NA,"0","0","0","1","0","0","1","0","1","1","1","1","1","1","1","0","0","0","0","0","0","0","0","0","0","0","1","1","1","1",NA,"1","1","1","1","1",NA,"1",NA,"1","1","1","1","1","1","1","1","1","1","1","1","1","1","0","1","1","1",NA,NA,NA,NA,NA,NA,NA,NA,"1","1","1",NA,NA,"1","1","1","1","1",NA,"1","1","1","1","1","1","0","0","0","1","0","1","1",NA,"0","1","1","0","0","1",NA,NA,0.435
"T","P","P5","72","12","1","12P51","0","0","0","0","1","1","0","0",NA,"0","0","0","1","0","0","0","0","0","0","0","0","0","0",NA,"0","0","0","0","0","0","0","0","0","0","1","0","1","1","1","1","1","1","1","1","1","1","1","1","1","0",NA,NA,NA,NA,"1","0",NA,NA,"0","0","1","0","0","0","1","0","0","0","0","0","0","0","0","0","1","0","0","0","0","0","0","0","0","0","1","0","0","0","0","0","0","1","1","1","1","1","1","1","1","1","1","1","1","1","1","1","1","1","1","1","1","1","1",NA,NA,"1",NA,NA,NA,"1",NA,NA,"0",NA,"1","1","0",NA,"0","0","0","1","0","0","1","0","1","1","1","1","1","1","1","0","0","0","0","0","0","0","0","0","0","0","1","1","1","1",NA,"1","1","1","1","1",NA,"1",NA,"1","1","1","1","1","1","1","1","1","1","1","1","1","1","0","1","1","1",NA,NA,NA,NA,NA,NA,NA,NA,"1","1","1",NA,NA,"1","1","1","1","1",NA,"1","1","1","1","1","1","0","0","0","1","0","1","1",NA,"0","1","1","0","0","1",NA,NA,0.44
"T","P","P5","72","12","4","12P54","0","0","0","0","1","1","0","0",NA,"1","0","0","0","0","0","0","0","0","0","0","0","0","0",NA,"0","0","0","0","0","0","0","0","0","0","1","0","1","1","1","1","1","1","1","1","1","1","1","1","1","0",NA,NA,NA,NA,"1","0",NA,NA,"0","0","1","0","0","0","1","0","0","0","0","0","0","0","0","0","1","0","0","0","0","0","0","0","0","0","1","0","0","0","0","0","0","1","1","1","1","1","1","1","1","1","1","1","1","1","1","1","1","1","1","1","1","1","1",NA,NA,"1",NA,NA,NA,"1",NA,NA,"0",NA,"1","1","0",NA,"0","0","0","1","0","0","1","0","1","1","1","1","1","1","1","0","0","0","0","0","0","0","0","0","0","0","1","1","1","1",NA,"1","1","1","1","1",NA,"1",NA,"1","1","1","1","1","1","1","1","1","1","1","1","1","1","0","1","1","1",NA,NA,NA,NA,NA,NA,NA,NA,"1","1","1",NA,NA,"1","1","1","1","1",NA,"1","1","1","1","1","1","0","0","0","1","0","1","1",NA,"0","1","1","0","0","1",NA,NA,0.44
"T","P","P5","72","12","5","12P55","1","0","0","0","1","1","0","1",NA,"1","0","0","1","0","0","0","0","0","0","1","0","0","0",NA,"0","0","0","1","0","0","0","0","0","0","1","1","1","1","1","1","1","1","1","1","1","1","1","1","1","0",NA,NA,NA,NA,"1","0",NA,NA,"0","0","1","0","0","0","1","0","0","0","0","0","0","1","0","0","1","0","0","0","0","0","0","1","0","0","1","0","0","0","0","0","0","1","1","1","1","1","1","1","1","1","1","1","1","1","1","1","1","1","1","1","1","1","1",NA,NA,"1",NA,NA,NA,"1",NA,NA,"0",NA,"1","1","0",NA,"0","1","0","1","0","0","1","0","1","1","1","1","1","1","1","1","0","0","0","1","0","1","0","0","0","0","1","1","1","1",NA,"1","1","1","1","1",NA,"1",NA,"1","1","1","1","1","1","1","1","1","1","1","1","1","1","0","1","1","1",NA,NA,NA,NA,NA,NA,NA,NA,"1","1","1",NA,NA,"1","1","1","1","1",NA,"1","1","1","1","1","1","0","0","0","1","1","1","1",NA,"0","1","1","0","0","1",NA,NA,0.375
"T","P","P2","129","19","1","19P21","1","1","1","1","1","1","1","1",NA,"1","1","1","0","1","1","1","1","1","1","1","1","1","1",NA,"1","1","1","1","1","1","1","1","1","1","1","1","1","1","1","1","1","1","1","1","1","1","1","1","1","1",NA,NA,NA,NA,"1","1",NA,NA,"0","1","1","1","1","0","1","1","1","1","1","1","1","1","1","1","1","1","0","1","1","1","1","1","1","1","1","1","1","1","1","1","1","1","1","1","1","1","1","1","1","1","1","1","1","1","1","1","1","1","1","1","1","1","1",NA,NA,"1",NA,NA,NA,"1",NA,NA,"0",NA,"1","1","1",NA,"1","1","1","1","1","1","1","1","1","1","1","1","1","1","1","1","1","1","1","1","1","1","1","1","1","1","1","1","1","1",NA,"1","1","1","1","1",NA,"1",NA,"1","1","1","1","1","1","1","1","1","1","1","1","1","1","1","1","1","1",NA,NA,NA,NA,NA,NA,NA,NA,"1","1","1",NA,NA,"1","1","1","1","1",NA,"1","1","1","1","1","1","1","1","1","1","1","1","1",NA,"0","1","1","1","1","1",NA,NA,0.03
"T","P","P2","129","19","3","19P23","1","1","1","1","1","1","1","1",NA,"1","1","1","1","1","1","0","0","1","1","1","0","1","1",NA,"1","1","0","1","1","1","1","0","1","1","1","1","1","1","1","1","1","1","1","1","1","1","1","1","1","1",NA,NA,NA,NA,"1","1",NA,NA,"0","1","1","1","1","1","1","1","1","1","1","0","1","1","1","1","1","1","0","0","1","1","1","1","1","1","1","1","1","1","1","1","1","1","1","1","1","1","1","1","1","1","1","1","1","1","1","1","1","1","1","1","1","1","1",NA,NA,"1",NA,NA,NA,"1",NA,NA,"0",NA,"1","1","1",NA,"1","1","1","1","1","0","1","1","1","1","1","1","1","1","1","1","1","1","1","1","1","0","1","0","1","1","1","1","1","1",NA,"1","1","1","1","1",NA,"1",NA,"1","1","1","1","1","1","1","1","1","1","1","1","1","1","1","1","1","1",NA,NA,NA,NA,NA,NA,NA,NA,"1","1","1",NA,NA,"1","1","1","1","1",NA,"1","1","1","1","1","1","1","1","1","1","1","1","1",NA,"1","1","1","1","1","1",NA,NA,0.065
"T","P","P2","129","19","4","19P24","1","1","1","1","1","1","1","1",NA,"1","1","1","1","1","1","1","1","1","1","1","1","1","1",NA,"1","1","1","0","1","1","1","1","1","1","1","1","1","1","1","1","1","1","1","1","1","1","1","1","1","1",NA,NA,NA,NA,"1","1",NA,NA,"0","1","1","1","1","0","1","1","1","1","1","1","1","1","1","1","1","1","0","0","1","1","1","1","1","1","1","1","1","1","1","1","1","1","1","1","1","1","1","1","1","1","1","1","1","1","1","1","1","1","1","1","1","1","1",NA,NA,"1",NA,NA,NA,"1",NA,NA,"0",NA,"1","1","1",NA,"1","1","1","1","1","1","1","1","1","1","1","1","1","1","1","1","1","1","1","1","1","1","1","1","1","1","1","1","1","1",NA,"1","1","1","1","1",NA,"1",NA,"1","1","1","1","1","1","1","1","1","1","1","1","1","1","1","1","1","1",NA,NA,NA,NA,NA,NA,NA,NA,"1","1","1",NA,NA,"0","1","1","1","1",NA,"0","1","1","1","1","1","1","1","1","1","1","1","1",NA,"1","1","1","1","1","1",NA,NA,0.04
"T","P","P4","129","19","1","19P41","1","1","1","1","1","1","1","1",NA,"1","1","1","1","1","1","1","1","1","1","1","1","1","1",NA,"1","1","1","1","1","1","1","1","1","1","1","1","1","1","1","1","1","1","1","1","1","1","1","1","1","1",NA,NA,NA,NA,"1","1",NA,NA,"0","1","0","0","0","0","1","1","1","1","1","1","1","1","1","1","1","1","1","0","1","1","1","1","1","1","1","1","1","1","1","1","1","1","1","1","1","1","1","1","1","1","1","1","1","1","1","1","1","1","1","1","1","1","1",NA,NA,"1",NA,NA,NA,"1",NA,NA,"0",NA,"1","1","1",NA,"1","1","1","1","1","1","1","1","1","1","1","1","1","1","1","1","1","1","1","1","1","1","1","1","1","1","1","1","1","1",NA,"1","1","1","1","1",NA,"1",NA,"1","1","1","1","1","1","1","1","1","1","1","1","1","1","1","1","1","1",NA,NA,NA,NA,NA,NA,NA,NA,"1","1","1",NA,NA,"0","1","1","1","1",NA,"0","1","1","1","1","1","1","1","1","1","1","1","1",NA,"1","1","1","1","1","1",NA,NA,0.045
"T","P","P4","129","19","2","19P42","1","1","1","1","1","1","1","1",NA,"1","1","1","0","1","1","1","1","1","1","1","1","1","1",NA,"1","1","1","1","1","0","1","0","1","1","1","1","1","1","1","1","1","1","1","1","1","1","1","1","1","1",NA,NA,NA,NA,"1","1",NA,NA,"0","1","1","1","1","0","1","1","1","1","1","1","1","1","1","1","1","1","1","1","1","1","1","1","1","1","1","1","1","1","1","1","1","1","1","1","1","1","1","1","1","1","1","1","1","1","1","1","1","1","1","1","1","1","1",NA,NA,"1",NA,NA,NA,"1",NA,NA,"0",NA,"1","1","1",NA,"1","1","1","1","1","1","1","1","1","1","1","1","1","1","1","1","1","1","1","1","1","1","1","0","1","1","1","1","1","1",NA,"1","1","1","1","1",NA,"1",NA,"1","1","1","1","1","1","1","1","1","1","1","1","1","1","1","1","1","1",NA,NA,NA,NA,NA,NA,NA,NA,"1","1","1",NA,NA,"1","1","1","1","1",NA,"0","1","1","1","1","1","1","1","1","1","1","1","1",NA,"1","1","1","1","1","1",NA,NA,0.04
"T","P","P4","129","19","3","19P43","1","0","0","0","1","1","1","1",NA,"1","0","1","0","0","1","0","0","0","1","0","0","0","0",NA,"0","0","0","0","0","0","0","0","0","0","1","1","1","1","1","1","1","1","1","1","1","1","1","1","1","0",NA,NA,NA,NA,"1","1",NA,NA,"0","1","1","1","0","0","1","0","0","0","0","0","0","1","0","0","1","1","0","0","0","0","0","1","0","0","1","1","0","0","0","0","0","1","1","1","1","1","1","1","1","1","1","1","1","1","1","1","1","1","1","1","1","1","1",NA,NA,"1",NA,NA,NA,"1",NA,NA,"0",NA,"1","1","0",NA,"0","1","0","1","0","0","1","0","1","1","1","1","1","1","1","1","0","0","0",NA,"0","1","0","0","0",NA,"1","1","1","1",NA,"1","1","1","1","1",NA,"1",NA,"1","1","1","1","1","1","1","1","1","1","1","1","1","1","0","1","1","1",NA,NA,NA,NA,NA,NA,NA,NA,"1","1","1",NA,NA,"1","1","1","1","1",NA,"1","1","1","1","1","1","0","0","1","1","1","1","1",NA,"0","1","1",NA,"0","1",NA,NA,0.33502538071066
"T","P","P4","129","19","4","19P44","0","0","0","0","1","1","0","0",NA,"0","0","0","0","0","0","0","0","0","0","0","0","0","0",NA,"0","0","0","0","0","0","0","0","0","0","1","0","1","1","1","1","1","1","1","1","1","1","1","1","1","0",NA,NA,NA,NA,"1","0",NA,NA,"0","0","1","0","0","0","1","0","0","0","0","0","0","0","0","0","1","0","0","0","0","0","1","0","0","0","1","0","0","0","0","0","0","1","1","1","1","1","1","1","1","1","1","1","1","1","1","1","1","1","1","1","1","1","1",NA,NA,"1",NA,NA,NA,"1",NA,NA,"0",NA,"1","1","0",NA,"0","0","0","1","0","0","1","0","1","1","1","1","1","1","1","0","0","0","0","0","0","0","0","0","0","0","1","1","1","1",NA,"1","1","1","1","1",NA,"1",NA,"1","1","1","1","1","1","1","1","1","1","1","1","1","1","0","1","1","1",NA,NA,NA,NA,NA,NA,NA,NA,"1","1","1",NA,NA,"1","1","1","1","1",NA,"1","1","1","1","1","1","0","0","0","1","0","1","1",NA,"0","1","1","0","0","1",NA,NA,0.44
"T","P","P5","129","19","1","19P51","0","0","0","1","1","1","0","1",NA,"1","1","1","1","1","0","0","0","0","1","0","0","1","0",NA,"0","0","0","0","0","0","0","0","0","1","1","1","1","1","1","1","1","1","1","1","1","1","1","1","1","0",NA,NA,NA,NA,"1","1",NA,NA,"0","1","1","1","1","0","1","0","0","0","0","0","1","1","1","1","1","1","0","0","0","0","0","0","0","1","1","0","0","0","0","0","0","1","1","1","1","1","1","1","1","1","1","1","1","1","1","1","1","1","1","1","1","1","1",NA,NA,"1",NA,NA,NA,"1",NA,NA,"0",NA,"1","1","0",NA,"0","1","0","1","0","0","1","0","1","1","1","1","1","1","1","1","0","0","0","0","0","0","0","0","0","0","1","1","1","1",NA,"1","1","1","1","1",NA,"1",NA,"1","1","1","1","1","1","1","1","1","1","1","1","1","1","0","1","1","1",NA,NA,NA,NA,NA,NA,NA,NA,"1","1","1",NA,NA,"1","0","1","1","1",NA,"1","1","1","1","1","1","1","0","1","1","1","1","1",NA,"0","1","1","0","0","1",NA,NA,0.32
"T","P","P5","129","19","2","19P52","0","0","0","0","1","1","0","0",NA,"0","0","0","0","0","0","0","0","0","0","0","0","0","0",NA,"0","0","0","0","0","0","0","0","0","0","1","0","1","1","1","1","1","1","1","1","1","1","1","1","1","0",NA,NA,NA,NA,"1","0",NA,NA,"0","0","1","0","0","0","1","0","0","0","0","0","0","0","0","0","0","0","0","0","0","0","1","0","0","0","1","0","0","0","0","0","0","1","1","1","1","1","1","1","1","1","1","1","1","1","1","1","1","1","1","1","1","1","1",NA,NA,"1",NA,NA,NA,"1",NA,NA,"0",NA,"1","1","0",NA,"0","0","0","1","0","0","1","0","1","1","1","1","1","1","1","0","0","0","0","0","0","0","0","0","0","0","1","1","1","1",NA,"1","1","1","1","1",NA,"1",NA,"1","1","1","1","1","1","1","1","1","1","0","1","1","1","0","1","1","1",NA,NA,NA,NA,NA,NA,NA,NA,"1","1","1",NA,NA,"1","1","1","1","1",NA,"1","1","1","1","1","1","0","0","0","1","0","1","1",NA,"0","1","1","0","0","1",NA,NA,0.45
"T","P","P5","129","19","3","19P53","1","1","0","1","1","1","1","1",NA,"1","1","1","1","1","1","1","1","1","1","1","1","1","0",NA,"1","0","0","0","0","0","0","0","0","1","1","1","1","1","1","1","1","1","1","1","1","1","1","1","1","1",NA,NA,NA,NA,"1","1",NA,NA,"0","1","1","1","1","1","1","1","1","1","1","1","1","1","1","1","1","1","0","0","1","1","0","0","0","1","1","1","1","1","1","1","1","1","1","1","1","1","1","1","1","1","1","1","1","1","1","1","1","1","1","1","1","1","1",NA,NA,"1",NA,NA,NA,"1",NA,NA,"0",NA,"1","1","1",NA,"0","1","1","1","1","1","1","1","1","1","1","1","1","1","1","1","0","0","1","0","0","0","0","0","0","0","1","1","1","1",NA,"1","1","1","1","1",NA,"1",NA,"1","1","1","1","1","1","1","1","1","1","1","1","1","1","1","1","1","1",NA,NA,NA,NA,NA,NA,NA,NA,"1","1","1",NA,NA,"1","1","1","1","1",NA,"1","1","1","1","1","1","1","1","1","1","1","1","1",NA,"1","1","1","1","0","1",NA,NA,0.14
"T","P","P5","129","19","4","19P54","0","0","0","0","1","1","0","0",NA,"1","0","0","0","0","0","0","0","0","0","0","0","0","0",NA,"0","0","0","0","0","0","0","0","0","0","1","1","1","1","1","1","1","1","1","1","1","1","1","1","1","0",NA,NA,NA,NA,"1","0",NA,NA,"0","0","1","0","0","0","1","0","0","0","0","0","0","0","0","0","1","0","0","0","0","0","0","0","0","0","1","0","0","0","0","0","0","1","1","1","1","1","1","1","1","1","1","1","1","1","1","1","1","1","1","1","1","1","1",NA,NA,"1",NA,NA,NA,"1",NA,NA,"0",NA,"1","1","0",NA,"0","0","0","1","0","0","1","0","1","1","1","1","1","1","1","0","0","0","0","0","0","0","0","0","0","0","1","1","1","1",NA,"1","1","1","1","1",NA,"1",NA,"1","1","1","1","1","1","1","1","1","1","1","1","1","1","0","1","1","1",NA,NA,NA,NA,NA,NA,NA,NA,"1","1","1",NA,NA,"1","1","1","1","1",NA,"1","1","1","1","1","1","0","0","0","1","0","1","1",NA,"0","1","1","0","0","1",NA,NA,0.435
"T","P","P2","166","21","1","21P21","1","0","1","1","1","1","0","1",NA,"1","1","1","1","1","0","0","0","1","1","0","0","1","1",NA,"1","0","0","1","0","0","0","0","1","1","1","1","1","1","1","1","1","1","1","1","1","1","1","1","1","0",NA,NA,NA,NA,"1","1",NA,NA,"0","1","1","1","1","1","1","0","0","0","0","0","1","1","0","0","1","1","0","0","0","0","0","0","1","1","1","0","0","0","1","1","1","1","1","1","1","1","1","1","1","1","1","1","1","1","1","1","1","1","1","1","1","1","1",NA,NA,"1",NA,NA,NA,"1",NA,NA,"0",NA,"1","1","0",NA,"0","1","0","1","0","0","1","0","1","1","1","1","1","1","1","1","0","0","0","0","0","0","0","0","0","1","1","1","1","1",NA,"1","1","1","1","1",NA,"1",NA,"1","1","1","1","1","1","1","1","1","1","1","1","1","1","0","1","1","1",NA,NA,NA,NA,NA,NA,NA,NA,"1","1","1",NA,NA,"1","1","1","1","1",NA,"1","1","1","1","1","1","0","0","1","1","1","1","1",NA,"0","1","1","0","0","1",NA,"1",0.263681592039801
"T","P","P2","166","21","2","21P22","0","0","0","0","1","1","0","1",NA,"1","0","1","1","1","0","0","0","0","0","0","0","0","1",NA,"0","0","0","0","0","0","0","0","0","0","1","1","1","1","1","1","1","1","1","1","1","1","1","1","1","0",NA,NA,NA,NA,"1","0",NA,NA,"0","1","1","1","1","1","1","0","0","0","0","0","0","0","0","0","1","1","0","0","0","0","0","0","0","0","1","0","0","0","0","0","0","1","1","1","1","1","1","1","1","1","1","1","1","1","1","1","1","1","1","1","1","1","1",NA,NA,"1",NA,NA,NA,"1",NA,NA,"0",NA,"1","1","0",NA,"0","0","0","1","0","0","1","0","1","1","1","1","1","1","1","0","0","0","0","0","0","0","0","0","0","0","1","1","1","1",NA,"1","1","1","1","1",NA,"1",NA,"1","1","1","1","1","1","1","1","1","1","1","1","1","1","0","1","1","1",NA,NA,NA,NA,NA,NA,NA,NA,"1","1","1",NA,NA,"1","1","1","1","1",NA,"1","1","1","1","1","1","0","0","0","1","1","1","1",NA,"0","1","1","0","0","1",NA,"1",0.378109452736318
"T","P","P2","166","21","3","21P23","0","0","0","0","1","1","0","1",NA,"1","0","1","1","1","0","0","0","0","0","0","0","0","1",NA,"0","0","0","0","0","0","0","0","0","0","1","1","1","1","1","1","1","1","1","1","1","1","1","1","1","0",NA,NA,NA,NA,"1","0",NA,NA,"0","1","1","1","1","1","1","0","0","0","0","0","0","0","0","0","0","1","0","0","0","0","0","0","0","0","1","0","0","0","0","0","0","1","1","1","1","1","1","1","1","1","1","1","1","1","1","1","1","1","1","1","1","1","1",NA,NA,"1",NA,NA,NA,"1",NA,NA,"0",NA,"1","1","0",NA,"0","0","0","1","0","0","1","0","0","1","1","1","1","1","1","0","0","0","0","0","0","0","0","0","0",NA,"1","1","1","1",NA,"1","1","1","1","1",NA,"1",NA,"1","1","1","1","1","1","1","1","1","1","1","1","1","1","0","1","1","1",NA,NA,NA,NA,NA,NA,NA,NA,"1","1","1",NA,NA,"1","1","1","1","1",NA,"1","1","1","1","1","1","0","0","0","1","1","1","1",NA,"0","0","1","0","0","1",NA,NA,0.391959798994975
"T","P","P2","166","21","4","21P24","0","0","0","0","1","1","0","1",NA,"1","0","1","1","1","0","0","0","0","0","0","0","0","1",NA,"0","0","0","0","0","0","0","0","0","0","1","1","1","1","1","1","1","1","1","1","1","1","1","1","1","0",NA,NA,NA,NA,"1","0",NA,NA,"0","1","1","1","1","1","1","0","0","0","0","0","0","0","0","0","1","1","0","0","0","0","0","0","0","0","1","0","0","0","0","0","0","1","1","1","1","1","1","1","1","1","1","1","1","1","1","1","1","1","1","1","1","1","1",NA,NA,"1",NA,NA,NA,"1",NA,NA,"0",NA,"1","1","0",NA,"0","0","0","1","0","0","1","0","1","1","1","1","1","1","1","0","0","0","0","0","0","0","0","0","0","0","1","1","1","1",NA,"1","1","1","1","1",NA,"1",NA,"1","1","1","1","1","1","1","1","1","1","1","1","1","1","0","1","1","1",NA,NA,NA,NA,NA,NA,NA,NA,"1","1","1",NA,NA,"1","1","1","1","1",NA,"1","1","1","1","1","1","0","0","0","1","1","1","1",NA,"0","0","1","0","0","1",NA,NA,0.385
"T","P","P4","166","21","1","21P41","0","0","0","0","1","1","0","1",NA,"1","0","1","1","1","0","0","0","0","0","0","0","0","1",NA,"0","0","0","0","0","0","0","0","0","0","1","1","1","1","1","1","1","1","1","1","1","1","1","1","1","1",NA,NA,NA,NA,"1","0",NA,NA,"0","1","1","1","1","1","1","0","0","0","0","0","0","0","0","0","1","1","0","0","0","0","0","0","0","1","1","0","0","0","0","0","0","1","1","1","1","1","1","1","1","1","1","1","1","1","1","1","1","1","1","1","1","1","1",NA,NA,"1",NA,NA,NA,"1",NA,NA,"0",NA,"1","1","0",NA,"0","1","0","1","0","0","1","0","1","1","1","1","1","1","1","1","0","0","0","0","0","0","0","0","0","0","1","1","1","1",NA,"1","1","1","1","1",NA,"1",NA,"1","1","1","1","1","1","1","1","1","1","1","1","1","1","1","1","1","1",NA,NA,NA,NA,NA,NA,NA,NA,"1","1","1",NA,NA,"1","1","1","1","1",NA,"1","1","1","1","1","1","0","0","0","1","1","1","1",NA,"0","1","1","0","0","1",NA,"1",0.353233830845771
"T","P","P4","166","21","2","21P42","0","0","0","0","1","1","0","1",NA,"1","0","1","1","0","0","0","0","0","0","0","0","0","0",NA,"0","0","0","0","0","0","0","0","0","0","1","1","1","1","1","1","1","1","1","1","1","1","1","1","1","0",NA,NA,NA,NA,"1","0",NA,NA,"0","0","1","0","0","0","1","0","0","0","0","0","0","0","0","0","1","0","0","0","0","0","0","0","0","0","1","0","0","0","0","0","0","1","1","1","1","1","1","1","1","1","1","1","1","1","1","1","1","1","1","1","1","1","1",NA,NA,"1",NA,NA,NA,"1",NA,NA,"0",NA,"1","1","0",NA,"0","0","0","1","0","0","1","0","1","1","1","1","1","1","1","0","0","0","0","0","0","0","0","0","0","0","1","1","1","1",NA,"1","1","1","1","1",NA,"1",NA,"1","1","1","1","1","1","1","1","1","1","1","1","1","1","0","1","1","1",NA,NA,NA,NA,NA,NA,NA,NA,"1","1","1",NA,NA,"1","1","1","1","1",NA,"1","1","1","1","1","1","0","0","0","1","1","1","1",NA,"0","1","1","0","0","1",NA,"1",0.412935323383085
"T","P","P4","166","21","3","21P43","1","0","1","1","1","1","1","1",NA,"1","1","0","1","2","0","0","1","0","1","1","1","1","1",NA,"0","1","0","0","1","1","0","1","1","0","1","1","1","1","1","1","1","1","1","1","1","1","1","1","1","1",NA,NA,NA,NA,"1","1",NA,NA,"0","1","1","1","1","1","1","0","1","0","0","0","0","1","0","1","1","1","1","1","1","1","1","0","1","1","1","0","0","0","0","0","0","1","1","1","1","1","1","1","1","1","1","1","1","1","1","1","1","1","1","1","1","1","1",NA,NA,"1",NA,NA,NA,"1",NA,NA,"0",NA,"1","1","0",NA,"0","1","0","1","0","1","1","0","1","1","1","1","1","1","1","1","0","0","1","1","1","0","0","0","0","1","1","1","1","1",NA,"1","1","1","1","1",NA,"1",NA,"1","1","1","1","1","1","1","1","1","1","1","1","1","1","1","1","1","1",NA,NA,NA,NA,NA,NA,NA,NA,"1","1","1",NA,NA,"1","1","1","1","1",NA,"1","1","1","1","1","1","1","0","1","1","1","1","1",NA,"1","1","1","1","1","1",NA,NA,0.185
"T","P","P4","166","21","4","21P44","0","0","0","0","1","1","0","0",NA,"0","0","0","0","0","0","0","0","0","0","0","0","0","0",NA,"0","0","0","0","0","0","0","0","0","0","1","0","1","1","1","1","1","1","1","1","1","1","1","1","1","0",NA,NA,NA,NA,"1","0",NA,NA,"0","0","1","0","0","0","1","0","0","0","0","0","0","0","0","0","1","0","0","0","0","0","0","0","0","0","1","0","0","0","0","0","0","1","1","1","1","1","1","1","1","1","1","1","1","1","1","1","1","1","1","1","1","1","1",NA,NA,"1",NA,NA,NA,"1",NA,NA,"0",NA,"1","1","0",NA,"0","0","0","1","0","0","1","0","1","1","1","1","1","1","1","0","0","0","0","0","0","0","0","0","0","0","1","1","1","1",NA,"1","1","1","1","1",NA,"1",NA,"1","1","1","1","1","1","1","1","1","1","1","1","1","1","0","1","1","1",NA,NA,NA,NA,NA,NA,NA,NA,"1","1","1",NA,NA,"1","1","1","1","1",NA,"1","1","1","1","1","1","0","0","0","1","0","1","1",NA,"0","0","1","0","0","1",NA,NA,0.45
"T","P","P5","166","21","1","21P51","1","1","1","1","1","1","1","1",NA,"1","1","1","1","1","1","1","1","1","1","1","1","1","1",NA,"1","1","1","1","1","1","1","1","1","1","1","1","1","1","1","1","1","1","1","1","1","1","1","1","1","1",NA,NA,NA,NA,"1","1",NA,NA,"0","1","1","1","1","1","1","1","1","1","1","1","1","1","1","1","1","1","1","1","1","1","1","1","1","1","1","0","0","1","1","1","1","1","1","1","1","1","1","1","1","1","1","1","1","1","1","1","1","1","1","1","1","1","1",NA,NA,"1",NA,NA,NA,"1",NA,NA,"0",NA,"1","1","1",NA,"1","1","0","1","1","1","1","1","1","1","1","1","1","1","1","1","1","0","1","1","0","0","1","0","1","1","1","1","1","1",NA,"1","1","1","1","1",NA,"1",NA,"1","1","1","1","1","1","1","1","1","1","1","1","1","1","1","1","1","1",NA,NA,NA,NA,NA,NA,NA,NA,"1","1","1",NA,NA,"1","1","1","1","1",NA,"1","1","1","1","1","1","1","1","1","1","1","1","1",NA,"1","1","1","1","1","1",NA,"1",0.0447761194029851
"T","P","P5","166","21","2","21P52","1","1","1","1","1","1","1","0",NA,"0","1","0","0","0","1","1","1","1","1","1","1","1","0",NA,"1","1","1","1","1","1","1","1","1","1","1","0","1","1","1","1","1","1","1","1","1","1","1","1","1","1",NA,NA,NA,NA,"1","1",NA,NA,"0","0","1","0","0","0","1","1","1","1","1","1","1","1","1","1","1","0","1","1","1","1","1","1","1","1","1","1","1","1","1","1","1","1","1","1","1","1","1","1","1","1","1","1","1","1","1","1","1","1","1","1","1","1","1",NA,NA,"1",NA,NA,NA,"1",NA,NA,"0",NA,"1","1","1",NA,"1","1","1","1","1","1","1","1","1","1","1","1","1","1","1","1","1","1","1","1","1","1","1","1","1","1","1","1","1","1",NA,"1","1","1","1","1",NA,"1",NA,"1","1","1","1","1","1","1","1","1","1","1","1","1","1","1","1","1","1",NA,NA,NA,NA,NA,NA,NA,NA,"1","1","1",NA,NA,"1","1","1","1","1",NA,"1","1","1","1","1","1","1","0","1","1","0","1","1",NA,"1","1","1","1","1","1",NA,"1",0.0796019900497512
"T","P","P5","166","21","3","21P53","1","1","1","1",NA,NA,NA,"0",NA,"0","1","0","0","0","1","1","1","1","1",NA,NA,"1","0",NA,NA,NA,NA,NA,NA,NA,NA,NA,"1","1","1","0","1","1","1","1","1","1","1","1","1","1","1","1","1","1",NA,NA,NA,NA,"1","1",NA,NA,"0","0","1","0","0","0","1",NA,NA,NA,NA,NA,NA,NA,NA,"1","1","0","1","1","1","1","1","0","1","1","1","1","1","1","1","1","1",NA,NA,NA,"1","1",NA,NA,NA,NA,NA,"1",NA,"1","1","1","1",NA,NA,NA,"1","1","1",NA,NA,"1",NA,NA,NA,"1",NA,NA,"0",NA,"1","1","1","1","1","1",NA,NA,NA,NA,NA,NA,"1","1",NA,NA,NA,NA,NA,"1",NA,NA,NA,NA,NA,NA,NA,NA,NA,NA,"1","1","1","1","0","1","1","1","1","1","0","1","1","1","1","1","1","1","1","1","1","1","1","0","1","1","1","1","1","1","1",NA,NA,NA,NA,NA,NA,NA,NA,"1","1","1",NA,NA,"1","0","1","1","1",NA,"1","1","1","1","1",NA,NA,NA,NA,NA,"0","1","1","1","1","1","1","1","1","1",NA,NA,0.136986301369863
"T","P","P5","166","21","4","21P54","1","1","1","1",NA,NA,NA,"0",NA,"0","1","0","0","0","1","1","1","1","1",NA,NA,"1","0",NA,NA,NA,NA,NA,NA,NA,NA,NA,"1","1","1","0","1","1","1","1","1","1","1","1","1","1","1","1","1","1",NA,NA,NA,NA,"1","1",NA,NA,"0","0","1","0","0","0","1",NA,NA,NA,NA,NA,NA,NA,NA,"1","1","0","1","1","1","1","1","1","1","1","1","1","1","1","1","1","1",NA,NA,NA,"1","1",NA,NA,NA,NA,NA,"1",NA,"1","1","1","1",NA,NA,NA,"1","1","1",NA,NA,"1",NA,NA,NA,"1",NA,NA,"0",NA,"1","1","1","1","1","1",NA,NA,NA,NA,NA,NA,"1","1",NA,NA,NA,NA,NA,"1",NA,NA,NA,NA,NA,NA,NA,NA,NA,NA,"1","1","1","1","0","1","1","1","1","1","0","1","1","1","1","1","1","1","1","1","1","1","1","0","1","1","1","1","1","1","1",NA,NA,NA,NA,NA,NA,NA,NA,"1","1","1",NA,NA,"1","0","1","1","1",NA,"1","1","1","1","1",NA,NA,"1",NA,NA,"0","1","1","1","1","1","1","1","1","1",NA,"1",0.128378378378378
